,aro_llm,cor_llm,marca_llm,tamanho_do_quadro_llm,genero_llm,tipo_llm,material_do_quadro_llm,modelo_llm,aro_de_roda_llm,numero_de_marchas_llm,tipo_de_suspensao_llm,recursos_llm,alimentacao_llm,potencia_do_motor_llm,tema_llm,modalidade_llm,tamanho_llm,peso_suportado_llm,adicional_llm,tipo_de_freio_llm,title
0,26,Branco,Gios,Não informado,Unissex,Freeride,Aluminio Alloy 6061,FRX,26,21,Suspensão,Não informado,Não informado,Não informado,Não informado,Não informado,Não informado,Não informado,Não informado,Disco Mecanico,Bicicleta Gios FRX Freeride Aro 26 Freio a Disco 21 Velocidades Cambios Shimano  Gios Branco
1,29,Não informado,KSW,"15, 17, 19, 21",Não informado,MTB,Alumínio,XLT,29,21,Suspensão,Não informado,Não informado,Não informado,Não informado,Não informado,Não informado,Não informado,Não informado,Disco,Bicicleta 29 KSW XLT 21 Marchas Freio a Disco Quadro Alumínio MTB
2,29,Não informado,KSW,Não informado,Não informado,Urbana,Alumínio,Não informado,29,2x9V,100mm com Travabr,Freio Hidráulico k7 e Trava,Não informado,Não informado,Não informado,Trilhas Leves e Medianas,Não informado,Não informado,Não informado,Disco Hidráulico,Bicicleta Aro 29 KSW 2x9V 18v Freio Hidráulico k7 e Trava
3,16,Não informado,Nathor,Não informado,Não informado,Não informado,Aço carbono,Capitão America,Não informado,Não informado,Não informado,"Rodinhas laterais, Limitador de giro do guidão, Freios v-brake, Mesa headset com regulagem de ângulo do guidão",Não informado,Não informado,Capitão America,Não informado,Não informado,30 kg,Não informado,V-brake,Bicicleta Aro 16 Capitão America Nathor com Rodinhas
4,16,Não informado,Free Action,Não informado,Não informado,Não informado,Aço Carbono,Kiss,16,Não informado,Não informado,"Freios V-Brake, maçaneta em Nylon, quadro em aço carbono, cestinha, manoplas anatômicas, cobre-corrente de plástico",Não informado,Não informado,Não informado,Não informado,Não informado,Não informado,Não informado,V-Brake,Bicicleta Free Action Kiss Aro 16 com Freios V-brake
5,29,Não informado,KOG,Não informado,Não informado,Mountain Bike,Alumínio,Não informado,29,24,80mm de Cursor,Não informado,Não informado,Não informado,Não informado,Urbano,Não informado,Não informado,Não informado,Disco Hidráulico,Bicicleta Aro 29 KOG 24 Marcha Freio Disco Hidráulico
6,24,Não informado,FlexBikes,Não informado,Masculino,Não informado,Aço,Aero,Aero,Sem Marcha,Não informado,Kit Proteção,Não informado,Não informado,Não informado,Não informado,Não informado,56 kg,Rodinhas laterais não estão inclusas,V-brake,Bicicleta Masculina Aro 24 Aero + Kit Proteção Sem Marcha Freio V-brake
7,29,Não informado,KSW,Não informado,Não informado,MTB,alumínio,Cambios GTA,29,27,mecânica,Não informado,Não informado,Não informado,Não informado,Passeio,Não informado,Não informado,Não informado,Disco Hidráulica,Bicicleta Alum 29 KSW Cambios GTA 27 Vel Freio Disco Hidráulica
8,29,PretoVermelho,Absolute,Não informado,Não informado,Não informado,alumínio 6061,Nero 4,Não informado,12,com trava no ombro,"Kit Gta Rx de 1 x 12 velocidades, suspensão com trava no ombro, freios hidráulicos,  bike vai praticamente pronta mas precisamos tirar a roda dianteira pedais guidão e selim para embalar a bike na caixa recomendamos que seja feita uma montagem final por um técnico para que se precisar fazer alguma regulagem específica segue lista das peças que compõem a bike",Não informado,Não informado,Não informado,Não informado,Não informado,Não informado,"K7 1150, Freios Hidráulicos, Kit 1x12, Pneu com Faixa Bege",A disco hidráulicos,Bicicleta Aro 29 Absolute Nero 4 12v Garfo com Trava K7 11/50 Freios Hidráulicos Kit 1x12 Pneu com Faixa Bege - Preto/Vermelho
9,29,Não informado,Krw,Não informado,Não informado,MountainBike,Alumínio,S9,29,27,com Trava,Não informado,Não informado,Não informado,Não informado,Não informado,Não informado,Não informado,Não informado,Hidráulico,Bicicleta Aro 29 Krw Alumínio 27 Velocidades Freio Hidráulico Suspensão com Trava MountainBike S9
10,29,Não informado,Dropp,Não informado,Não informado,Não informado,Alumínio,Z3,29,21,Suspensão,Não informado,Não informado,Não informado,Não informado,Não informado,Não informado,Não informado,Não informado,Disco,Bicicleta Aro 29 Dropp Z3 21 Velocidades  Câmbio Shimano Freio a Disco
11,29,Não informado,KSW,Não informado,Não informado,MTB,Alumínio,XLT 12v,29,12,100mm,Freio Hidráulico,Não informado,Não informado,Não informado,Não informado,Não informado,Não informado,Toda Absolute,Disco Hidráulico,Bicicleta Aro 29 KSW XLT 12v Freio Hidráulico Toda Absolute
12,29,Não informado,KOG,Não informado,Não informado,MTB,Alumínio,Não informado,29,12,80mm,Cabeamento Interno,Não informado,Não informado,Não informado,Urbano,Não informado,Não informado,Não informado,Hidráulico,Bicicleta Aro 29 MTB KOG 12 Velocidades Freios Hidráulicos
13,29,Não informado,Kls,Não informado,Não informado,Mountain Bike,Alumínio,King,Aero folha dupla,21,Com Suspensão,Não informado,Não informado,Não informado,Não informado,Não informado,Não informado,100Kg,Não informado,A Disco,Bicicleta Aro 29 Alumínio Kls King Freio A Disco Mtb 21 Marchas
14,29,Não informado,Audax,Não informado,Não informado,MTB,6061 T6,ADX 300,29,11,Ar,Cabeamento Interno,Não informado,Não informado,Não informado,Não informado,Não informado,Não informado,Não informado,Hidraulico,Bicicleta MTB Audax ADX 300 2022
15,29,Não informado,KOG,Não informado,Não informado,Mountain Bike,Alumínio,Não informado,29,21,80mm de Cursor,Não informado,Não informado,Não informado,Não informado,Urbana,Não informado,Não informado,Não informado,Disco Mecânico,Bike Aro 29 KOG 21 Marcha Cambio Shimano Torney Freio Disco
16,29,Não informado,KRW,Não informado,Não informado,Mountain Bike,Alumínio,KR5,29,27,Suspensão dianteira,Não informado,Não informado,Não informado,Não informado,Não informado,Não informado,Não informado,Não informado,Disco,Bicicleta aro 29 KRW Alumínio 27 Velocidades Freio a Disco Suspensão dianteira Mountain Bike KR5
17,29,Não informado,TSW,Não informado,Não informado,MTB,Alumínio,Hurry,29,12,Suntour,Não informado,Não informado,Não informado,Não informado,Não informado,Não informado,Não informado,Não informado,Hidráulico,Bicicleta tsw hurry aro 29 shimano deore 12v suspensão suntour
18,29,Não informado,Alfameq,Não informado,Não informado,24V,Alumínio,Não informado,29,24,100mm com Trava Remota No Guidão,Trava Guidão,Não informado,Não informado,Não informado,Não informado,Não informado,Não informado,Não informado,Disco Hidráulico,Bike 29 Alfameq 24V Shimano Acera Hidráulico K7 Trava Guidão
19,29,Não informado,KOG,Não informado,Não informado,MTB,Alumínio,Não informado,29,27,80mm Sem Trava,Não informado,Não informado,Não informado,Não informado,Urbano,Não informado,Não informado,Não informado,Disco,Bicicleta MTB Aro 29 KOG 27 Marcha Freio a Disco Cubos k7
20,20,Não informado,FlexBikes,Não informado,Masculino,Infantil,Aço,Aero,Aero,Não informado,Não informado,"Aro Aero, Freios V-brake, Rodinhas Laterais, Descanso Lateral Pézinho",Não informado,Não informado,Não informado,Passeio,Não informado,38 kg,Kit Passeio e Acelerador,V-brake,Bicicleta Infantil Masculina Aro 20 Aero + Kit Passeio e Acelerador
21,Não informado,Não informado,Gti,Não informado,Não informado,Mountain Bike,Alumínio 6061,mtb 21 velocidades,Não informado,21v,Yamada 100mm  ou Gts,Não informado,Não informado,Não informado,Não informado,Não informado,Não informado,Não informado,Não informado,Disco,Bicicleta Mountain Bike GTI 21v Freio a Disco Kit Shimano
22,17x215,Não informado,Viper,Não informado,Não informado,Não informado,Não informado,Motard,Não informado,Não informado,Não informado,springback,Não informado,Não informado,Não informado,Não informado,Não informado,Não informado,Não informado,Não informado,Aro Roda Moto Alumínio Esportivo 17x2.15 Motard Viper
23,26,Preto,Houston,Não informado,Feminina,Bicicleta,Aço carbono,Foxer Maori,Não informado,21,Não informado,"Guidão MTB curvo, sistema de freios V-Brake, caixa de direção MTB Standard, Manoplas Grip Shifter",Não informado,Não informado,Não informado,Passeio,Não informado,Não informado,Não informado,V-Brake,Bicicleta Aro 26 Houston Foxer Maori Freio V-Brake
24,Não informado,Rosa,Buba,Não informado,Não informado,Equilibrio,Não informado,4 Rodas,Não informado,Não informado,Não informado,Rodas duplas na frente e atras,Não informado,Não informado,Não informado,Não informado,Não informado,Não informado,Não informado,Não informado,Bicicleta de Equilíbrio 4 Rodas Buba Rosa
25,Não informado,Vermelho,Zippy Toys,Não informado,Não informado,Andador,Aço Carbono,Andador Infantil Vermelho,Não informado,Não informado,Não informado,"Direção limitada a 135 graus, Pneus resistentes, Joelhos levemente dobrados, Estrutura em aço carbono, Quatro rodas, Sem parafusos expostos",Não informado,Não informado,Não informado,Não informado,Não informado,24Kg,Não informado,Não informado,Andador Infantil Bicicleta De Equilibrio Sem Pedal 4 Rodas Zippy Toys Quadriciclo Bebê Criança 24Kg Bike Passeio Vermelho
26,12,Azul,Nathor,Não informado,Infantil,Balance Bike,Não informado,Equilíbrio,Não informado,Não informado,Não informado,Selim PU,Não informado,Não informado,Não informado,Não informado,Não informado,Não informado,Não informado,Tambor,Bicicleta Infantil Nathor Equilíbrio - Balance Bike Azul - Selim PU
27,29,Não informado,Ksw,Não informado,Não informado,MTB,Alumínio,1x9v Shimano Hidráulico Trava K7 1140,29,9,Cursor de 100mm com trava no OMBRO,Não informado,Não informado,Não informado,Não informado,Trilha,Não informado,Não informado,Não informado,Hidraulico a Disco,Bicicleta Aro 29 Ksw 1x9v Shimano Hidráulico Trava K7 11/40
28,29,Não informado,KOG,Não informado,Não informado,Mountain Bike,Alumínio,Não informado,29,21,80mm,Cambio Indexado,Não informado,Não informado,Não informado,Urbano,Não informado,Não informado,Não informado,Disco Mecânico,Bicicleta Aro 29 KOG 21V Freio a Disco Cambio Indexado
29,12,Não informado,Nathor,Não informado,Feminino,infantil,aço carbono,Flower,12,Não informado,Não informado,"limitador de giro do guidão, freio a tambor, garrafinha, pneu em EVA, quadro, garfo e guidão em aço carbono, guidão com Sleeve, placa frontal, cores alegres, selim com regulagem e altura",Não informado,Não informado,Não informado,Não informado,Não informado,21 kg,Não informado,a tambor,Bicicleta Bike Para Criança 3 A 5 Anos Aro 12 Flower Nathor
30,12,Rosa,Biciquétinha,Não informado,Não informado,Equilíbrio,Madeira,Lousa,Não informado,Não informado,Não informado,"Banco com regulagem de altura, pneus de EVA, manoplas de borracha",Não informado,Não informado,Unicórnio,Não informado,Não informado,25 kg,Não informado,Não informado,Bicicleta De Equilíbrio Sem Pedal De Madeira Unicórnio Rosa
31,29,Não informado,Absolute,Não informado,Não informado,MTB,Alumínio,Nero 2 Alivio,29,27,100mm de Cursor com Trava no Ombro,Hidráulico e Trava,Não informado,Não informado,Não informado,Não informado,Não informado,Não informado,Não informado,Disco Hidráulico,Bicicleta MTB 29 Absolute Nero Alivio 27v Hidraulico e Trava
32,29,Não informado,Absolute,Não informado,Não informado,Urbana,Alumínio,Nero 4,29,27,80mm Sem Trava,Não informado,Não informado,Não informado,Não informado,Passeio,Não informado,Não informado,Não informado,Disco,Bicicleta Absolute Nero 4 Aro 29 27V Freio a Disco Cubo K7
33,26,Preta,Houston,19,Não informado,Passeio,Aço Carbono,Foxer Hammer,26,21,Não possuí,Não informado,Não informado,Não informado,Não informado,Não informado,Não informado,Não informado,Não informado,V-Brake,Bicicleta Aro 26 Houston Foxer Hammer com 21 Marchas Preta FX26H3R
34,16,Não informado,Nathor,Não informado,Feminino,Infantil,Aço Carbono,Top Girls,Não informado,Não informado,Não informado,"Limitador de giro do guidão, Freios V-Brake, Maçaneta em Nylon, Pneus com câmara, Quadro em aço carbono, Garrafinha",Não informado,Não informado,Não informado,Não informado,Não informado,30 kg,Não informado,V-brake,Bicicleta Infantil Nathor Top Girls Aro 16
35,Não informado,Azul,Buba,Não informado,Não informado,Equilibrio,Não informado,4 Rodas,Não informado,Não informado,Não informado,Não informado,Não informado,Não informado,Não informado,Não informado,Não informado,Não informado,Não informado,Não informado,Bicicleta de Equilíbrio 4 Rodas Buba Azul
36,29,Não informado,GTA,Não informado,Não informado,Não informado,Alumínio,NX11,29,8,80mm de Cursor,Não informado,Não informado,Não informado,Não informado,Não informado,Não informado,Não informado,Não informado,Hidráulico,Bike Aro 29 GTA NX11 24V Camb Shimano Altus Freio Hidráulico
37,29,Não informado,KOG,Não informado,Não informado,Mountain Bike,Alumínio,Não informado,29,21,80mm,Não informado,Não informado,Não informado,Não informado,Urbano,Não informado,Não informado,Não informado,Disco Mecânico,Bicicleta Aro 29 KOG 21V Freio a Disco Cambio Indexado
38,29,Não informado,GTI,Não informado,Não informado,MTB,Alumínio,Roma,29,21,Amortecimento a molas sem travabr,Não informado,Não informado,Não informado,Não informado,Não informado,Não informado,Não informado,Não informado,Mecânico,Bicicleta MTB GTI Roma  Aro 29 21v
39,29,Não informado,KSW,Não informado,Não informado,Não informado,Alumínio,XLT 12v,29,12,100mm,Não informado,Não informado,Não informado,Não informado,Não informado,Não informado,Não informado,Toda Absolute,Hidráulico,Bicicleta Aro 29 KSW XLT 12v Freio Hidráulico Toda Absolute
40,29,Não informado,Alfameq,Não informado,Não informado,MTB,Alumínio,24V,29,24,100mm com Trava Remota No Guidão,Trava Guidão,Não informado,Não informado,Não informado,Não informado,Não informado,Não informado,Não informado,Disco Hidráulico,Bike 29 Alfameq 24V Shimano Acera Hidráulico K7 Trava Guidão
41,29,Preto,Absolute,Não informado,Não informado,Não informado,Não informado,Prime Boost,29,8 a 12,Não informado,Tubeless,Não informado,Não informado,Não informado,MTB,Não informado,90Kg,Boost 15x110 na dianteira e 12x148 na traseira,Não informado,Par Roda Absolute Prime Boost 29 Shimano 8v À 12v Tubeless
42,Não informado,Azul,Fenix,Não informado,Não informado,Não informado,Alumínio,GBK-718,Não informado,Não informado,Não informado,Manopla em borracha para não escapar as mãos,Não informado,Não informado,Não informado,Não informado,109 X 58 X 70 cm,75Kg,Com ajuste na base para ajustar certinho os pés,Não informado,Carrinho Gira Gira Bike Azul - Fenix GBK-718
43,29,Beje,KSW,Não informado,Não informado,MTB,Alumínio,XLT 24V,29,8,80mm de Cursor,Não informado,Não informado,Não informado,Não informado,Não informado,Não informado,Não informado,Não informado,Hidráulico,Bicicleta MTB KSW XLT 24V Aro 29 Freio Hidráulico Faixa Beje
44,29,PretoVermelho,Absolute,Não informado,Não informado,Não informado,Alumínio,Nero 4,Não informado,21v,Suspensão,"Cabeamento Interno, Freio a Disco Hidráulico",Não informado,Não informado,Não informado,Não informado,Não informado,Não informado,Garfo,Disco Hidráulico,Bicicleta Aro 29 Absolute Nero 4 Cabeamento Interno 21v Freio a Disco Hidráulico Alumínio Garfo Suspensão - Preto/Vermelho
45,700,Não informado,KSW,Não informado,Não informado,Speed,Alumínio,Não informado,700,16,Não informado,Não informado,Não informado,Não informado,Não informado,Road,Não informado,Não informado,Não informado,Disco Mecânico,Bicicleta Speed Road Aro 700 KSW Com Shimano Claris 2x8 16v
46,29,Não informado,GTS,Não informado,Não informado,Mountain Bike,Alumínio 7005,GTS M1 I-VTEC SX SHIMANO,29,24,Com trava no guidão,"Câmbio Shimano, Freio a disco hidráulico, Suspensão 100mm",Não informado,Não informado,Não informado,Não informado,Não informado,120kg,"CABEAMENTO INTERNO, FURAÇÃO PARA SUPORTE CARAMANHOLA, GARANTIA DE 1 ANO PARA O QUADRO",Hidráulico,Bicicleta Gts Aro 29 Freio Hidráulico Câmbios Shimano 24 Marchas e Suspensão com Trava no Guidão  GTS M1 I-VTEC SX Shimano
47,Não informado,Não informado,Trinx,Não informado,Não informado,Não informado,Alumínio,Swift 20,70025,11,Não informado,Smooth Welding,Não informado,Não informado,Não informado,Não informado,Não informado,Não informado,Não informado,Shimano 105 BR-5800,Bicicleta trinx swift 2.0
48,29,Preto e Verde,Raider,21,Não informado,Mountain Bike,Alumínio,Aluminum,Não informado,24,Suspensão de 100mm,"Câmbio importado, suspensão, freio a disco",Não informado,Não informado,Não informado,MTB,Não informado,Não informado,Não informado,Disco Mecânico,Bicicleta Aro 29 Raider Aluminum 24v Freio a Disco Preto e Verde Tam: 21
49,29,Não informado,Caloi,Não informado,Não informado,MTB,Alumino,Explorer Comp,29,18,Suspensão,Boost,Não informado,Não informado,Não informado,Não informado,Não informado,Não informado,Não informado,Disco Hidráulico,Bicicleta Explorer Comp Aro 29 Alivio 18v Freio a Disco Hidráulico 2021
50,29,Não informado,KOG,Não informado,Não informado,Mountain Bike,Alumínio,Não informado,29,21,80mm de Cursor,Não informado,Não informado,Não informado,Não informado,Urbano,Não informado,Não informado,Não informado,Disco Mecânico,Bicicleta Aro 29 KOG 21 Marcha Cambio Shimano Freio a Disco
51,26,Bege,MARIA CLARA BIKES,17,Não informado,Retrô,AÇO,Vintage,AERO,s,Não informado,Bagageiro,Não informado,Não informado,Não informado,Não informado,Não informado,135 kg,Vime,V-BRAKE,Bicicleta Aro 26 Retrô Vintage s/ marcha Vime Bagageiro Bege
52,29,Não informado,Kog,Não informado,Não informado,Mountain Bike,Alumínio,KSW GTA,29,27,Suspensão de 100mm com Trava no Ombro,Não informado,Não informado,Não informado,Não informado,"Urbano, Trilhas Leves e Medianas",Não informado,Não informado,Não informado,Hidráulico,Bicicleta Aro 29 Kog 27v Absolute KSW GTA Hidráulico Trava
53,29,Não informado,KSW,Não informado,Não informado,MTB,Alumínio,XLT,29,27,Trava,Cubo K7,Não informado,Não informado,Não informado,Não informado,Não informado,Não informado,Freio Hidráulico,Disco Hidráulico,Bicicleta MTB Aro 29 KSW 27V Freio Hidráulico Cubo K7 Trava
54,29,PretoAzul,GTI,Não informado,Não informado,Não informado,Alumínio,Roma,29,24,Com Trava,Rapid Fire,Não informado,Não informado,Não informado,Não informado,Não informado,Não informado,K7,Disco Hidráulico,Bicicleta Aro 29 GTI Roma Shimano 24v K7 Freio a Disco Hidráulico Garfo Com Trava - Preto/Azul
55,29,Não informado,Highlevel,151719 e 21,Não informado,Não informado,Alumínio,21 Velo,Não informado,21,com molas,Não informado,Não informado,Não informado,Não informado,urbano,Não informado,Não informado,Não informado,Disco,Bicicleta Alumínio Aro 29 Highlevel Freios A Disco 21 Velo
56,29,Não informado,KSW,Não informado,Não informado,MTB,Alumínio,27V F,29,27,Suspensão de 100mm de Curso com Trava no Ombro,Hidráulico Shimano  K7  Trava,Não informado,Não informado,Não informado,Não informado,Não informado,Não informado,Não informado,Disco Hidráulico,Bicicleta Aro 29 KSW 27V F. Hidráulico Shimano + K7 + Trava
57,29,Não informado,Ksw,Não informado,Não informado,MTB,Alumínio,Xlt,29,21,80mm,Não informado,Não informado,Não informado,Não informado,Não informado,Não informado,Não informado,Não informado,Disco Mecânico,Bicicleta 29 Ksw Xlt Aluminio 21v Freio a Disco
58,12,Azul/Verde/Preto,Groove,Não informado,Infantil,Balance,Aço,Balance 12,Não informado,Não informado,Não informado,"Rodas raiadas, pneus de borracha com câmara, regulagem da altura do selim, manopla com limitador, apoio para os pés",Não informado,Não informado,Não informado,Não informado,Não informado,Não informado,Aprovado pelo Inmetro,Não informado,Bicicleta Infantil Groove Balance 12 Azl/Vrd/Preto
59,29,Não informado,FIRST,Não informado,Não informado,Não informado,alumínio,Smitt,Não informado,21,com trava no ombro,Não informado,Não informado,Não informado,Não informado,Não informado,Não informado,Não informado,Não informado,Disco Mecânico,Bicicleta FIRST Smitt aro 29 - 21v Shimano Tourney - Freios a Disco
60,29,pretovermelho,Highone,17,Não informado,Não informado,Alumínio,Neo,29,21V,80mm de Cursor,Não informado,Não informado,Não informado,Não informado,Não informado,Não informado,Não informado,Não informado,Disco Mecânico,Bicicleta aro 29 Highone Neo  Aro 29 Quadro 17 Alumínio preto/vermelho 21V .
61,29,Nero,Absolute,4,Não informado,Não informado,Alumínio,Nero 4,29,21,80mm,Não informado,Não informado,Não informado,Não informado,Não informado,Não informado,Não informado,Não informado,Disco,Bike Aro 29 Absolute Nero 4 21V 3x7 Freio Disco
62,26,Violeta,Dalannio,Não informado,Feminina,Beach,Aço Carbono,Não informado,Não informado,18,Não informado,"Cesta frontal de Aço, Freios V-BRAKE Alumínio, Maçaneta Alumínio, Alavanca de câmbio 18v, Cambio traseiro 18v, Cambio Dianteito 18v, Selim Largo com 2 molas, Aros Aero, Raios zincados, Cubos ferro, Guidão Alto emborrachado, Pneu Slick",Não informado,Não informado,Não informado,Não informado,Não informado,Não informado,Não informado,V-BRAKE,Bicicleta Aro 26 Feminina Beach 18 Marchas Violeta
63,26,Branca,COLLI BIKE,18,Não informado,Não informado,Aço Carbono,GPS 220,Não informado,21,Em alumínio 150 mm - mola,Não informado,Não informado,Não informado,Não informado,Não informado,Não informado,Até 100Kg,Não informado,FREIO À DISCO,Bicicleta Colli Bike GPS Aro 26 Freio a Disco  Branca
64,29,Não informado,GTA,Não informado,Não informado,MTB,Alumínio,NX,29,12,100mm de Curso,"Freio Hidráulico, Trava",Não informado,Não informado,Não informado,Não informado,Não informado,Não informado,Não informado,Hidráulico,Bicicleta Aro 29 GTA NX 12V Freio Hidráulico K7 1x12 Trava
65,26,AzulAmarelo,Vikingx Tuff,Não informado,Não informado,Não informado,Alumínio,Não informado,Não informado,21v,Não informado,Câmbios Shimano,Não informado,Não informado,Não informado,Não informado,Não informado,Não informado,Freio a Disco Hidráulicos Aros Vmaxx Branco,Disco Hidráulicos,Bicicleta Aro 26 Vikingx Tuff Azul/Amarelo 21v Alumínio Câmbios Shimano Freio a Disco Hidráulicos Aros Vmaxx Branco
66,16,Não informado,Nathor,Não informado,Não informado,Não informado,Aço Carbono,Apollo 2,Não informado,Não informado,Não informado,"Limitador de giro do guidão, Freios V-Brake, Maçaneta em Nylon, Pneus com câmara, Quadro em aço carbono, Garrafinha",Não informado,Não informado,Não informado,Não informado,Não informado,30 kg,"Mesa Head-Set, Paralama em ABS, Aro em Alumínio, Maçaneta em nylon reforçado e com ajuste do freio, Movimento de direção com esferas, Arruela com trava de segurança, Abraçadeira do selim em alumínio, Garrafinha",V-Brake,Bicicleta Aro 16 Apollo 2 - Nathor
67,16,Rosa,Track Bikes,Não informado,Infantil,Não informado,Aço Carbono,Monny,Não informado,Não informado,Não informado,"Cestinha, rodinhas",Não informado,Não informado,Não informado,Não informado,Não informado,30Kg,Freio V-Brake Nylon,V-Brake,Bicicleta Infantil Track Bikes Monny com Cestinha Aro 16 Rosa
68,29,Não informado,KSW,"15, 17, 19, 21",Não informado,MTB,Alumínio,XLT,29,21,Dianteira,Não informado,Não informado,Não informado,Não informado,Urbana,Não informado,Não informado,Não informado,Disco,Bicicleta 29 KSW XLT 21 Marchas Freio a Disco Quadro Alumínio MTB
69,29,Nero,Absolute,4,Não informado,Não informado,Alumínio,Não informado,29,18,80mm,Não informado,Não informado,Não informado,Não informado,Urbano,Não informado,Não informado,Não informado,Hidráulico,Bicicleta 29 Absolute Nero 4 18 Velocidades 2x9 Hidráulico
70,20,Violeta,Drw bikes,Não informado,Feminina,Não informado,Aço Carbono,Ceci,Não informado,Não informado,Não informado,Não informado,Não informado,Não informado,Não informado,Não informado,Não informado,80 kg,Não informado,V-brake,Bicicleta aro 20 feminina Ceci Violeta-DRW BIKES
71,29,Não informado,Ksw,Não informado,Não informado,Não informado,Alumínio,Não informado,Não informado,24,Cursor de 80mm sem trava,Não informado,Não informado,Não informado,Não informado,Urbano e trilhas leves,Não informado,Não informado,Não informado,Disco,"Bicicleta Aro 29 Ksw 24 Marchas Shimano, Freios a Disco e K7"
72,29,Não informado,Absolute,Não informado,Não informado,Não informado,Alumínio,27V,29,27,Com Trava no Guidão,Hidráulico,Não informado,Não informado,Não informado,MTB,Não informado,Não informado,Trava no Guidão,Disco Hidráulico,Bike 29 Absolute 27V Kit Alivio Hidráulico Trava no Guidão
73,16,Não informado,FlexBikes,Não informado,Feminino,Infantil,Aço,Nylon,Não informado,Não informado,Não informado,"Freios v-brake, Protetor de coroa",Não informado,Não informado,Não informado,Não informado,Não informado,25 kg,"Rodinhas laterais, Cestinha, Para-lamas",V-brake,Bicicleta Infantil Feminina Aro 16 Nylon + Kit Proteção
74,29,Não informado,KOG,Não informado,Não informado,Mountain Bike,Alumínio,Não informado,29,27,100mm com Trava no Guidão,Não informado,Não informado,Não informado,Não informado,Urbano,Não informado,Não informado,Não informado,Hidráulico,Bicicleta aro 29 KOG 27V Freio Hidráulico k7 Trava no Guidão
75,700,Não informado,KSW,Não informado,Não informado,Speed,Alumínio,Não informado,700,16,Não informado,Não informado,Não informado,Não informado,Não informado,Road,Não informado,Não informado,Não informado,Disco Mecânico,Bicicleta Speed Road Aro 700 KSW Com Shimano Claris 2x8 16v
76,29,Não informado,Ravok,Não informado,Não informado,MTB,Alumínio,Não informado,29,24,Dianteira,Não informado,Não informado,Não informado,Não informado,Passeio e Trilhas Leves,Não informado,Não informado,Não informado,Disco Mecânico,Bicicleta Aro 29 Ravok Alumínio 24 Velocidades Freio A Disco Shimano
77,29,Não informado,Alfameq,Não informado,Não informado,MTB,Alumínio,Não informado,29,27,Com Trava no Guidão,Trava Guidão,Não informado,Não informado,Não informado,Não informado,Não informado,Não informado,Não informado,Disco Hidráulico,Bike Aro 29 Alfameq 27V Kit Alivio Hidráulico Trava Guidão
78,20,Não informado,Nathor,Não informado,Não informado,Não informado,aço carbono,Harmony,Não informado,6v,Não informado,"regulagem de ângulo do guidão, movimento central avançado, freios v-brake dianteiro e traseiro, pezinho de descanso, protetor de corrente, pneus com câmara, aro em alumínio",Não informado,Não informado,Não informado,Não informado,Não informado,Não informado,Não informado,v-brake,Bicicleta aro 20 Harmony - Cambio Shimano 6v - Nathor
79,29,VerdeCinza,Gta,Não informado,Não informado,Não informado,Alumínio,Insane,29,27,Com Trava,Rapid Fire,Não informado,Não informado,Não informado,Não informado,Não informado,Não informado,Pré montada,Hidráulico,Bicicleta Aro 29 Gta Insane Câmbio Traseiro Shimano Alívio e Altus 27v Freio Hidráulico Garfo Com Trava - Verde/Cinza
80,29,Não informado,Dropp,Não informado,Não informado,Não informado,Alumínio,Rs1,29,21,com Trava,Não informado,Não informado,Não informado,Não informado,Não informado,Não informado,Não informado,Não informado,Disco,Bicicleta Aro 29 Dropp Rs1 21v Suspensão com Trava Câmbio Shimano
81,29,Preto Azul,Spaceline,15,Não informado,MTB,Alumínio,Vega,Não informado,21,80mm,Não informado,Não informado,Não informado,Não informado,Não informado,Não informado,130 Kg,Não informado,Disco Mecânico,Bicicleta MTB Vega Aro 29 Quadro 15 Alumínio 21 Marchas Freio Mecânico Preto Azul - Spaceline
82,29,Não informado,KSW,Não informado,Feminino,MTB,Alumínio,MWZA,29,21,80MM,Não informado,Não informado,Não informado,Retro,Não informado,Não informado,Não informado,Não informado,Disco,Bicicleta 29 KSW MWZA Retro Feminino 21v Shimano Freio Disco
83,20,Não informado,Tridal,14,Feminino,MTB,Aço,Girl,20,1,Não informado,Roda Lateral,Não informado,Não informado,Não informado,Infantil,Não informado,70 Kg,Cestinha e Paralamas,V-Brake,Bicicleta Aro 20 Infantil MTB Girl Com Roda Lateral
84,29,Não informado,Spaceline,Não informado,Não informado,Não informado,Alumínio 6061,Vega,29,27,Dianteira,Não informado,Não informado,Não informado,Não informado,Não informado,Não informado,Não informado,Não informado,Disco,Bicicleta 29 Spaceline Vega 27 Marchas Câmbio Shimano Freio a Disco e Suspensão
85,29,Não informado,Raider,"15, 17, 19, 21",Não informado,MTB,Alumínio,Z3X Pro,29,21,Suspensão,Não informado,Não informado,Não informado,Não informado,Não informado,Não informado,Não informado,Não informado,Disco,Bicicleta 29 Raider Z3X Pro 21V Freio a Disco e Suspensão Quadro Alumínio MTB
86,20,Pink,BLISS,Aro 20,Menina,Infantil,Aço,BIC 20 MTB PINT MASFEM,Alumínio,1,Rigído,Com acessórios,Não informado,Não informado,Não informado,MTB,6 á 9 anos,Não informado,Não informado,VBrake,Bicicleta Infantil Menina Aro 20 com acessórios
87,16,Verde,Ultra Bikes,Não informado,Não informado,Infantil,Aço Carbono,Pro Tork,Não informado,Não informado,Não informado,Não informado,Não informado,Não informado,Não informado,Não informado,Não informado,30kg,Acompanha rodinha apoio lateral,V-Brake,Bicicleta Infantil Ultra Bikes Big Fat Aro 16 Verde Pro Tork
88,29,Não informado,Dynamix,Não informado,Não informado,MTB,Alumínio,DX,29,21,Dianteira,Não informado,Não informado,Não informado,Não informado,Não informado,Não informado,Não informado,Não informado,Disco,Bicicleta dynamix dx+ aro 29 shimano 21v freio a disco mtb
89,29,Azul Pantone,Ksw,Não informado,Não informado,Mountain Bike,Alum,Xlt,Não informado,21,Curso 80mm,Não informado,Não informado,Não informado,Não informado,Não informado,Não informado,Não informado,Não informado,A disco mecânico,Mountain Bike Aro 29 Ksw Xlt Alum. 21 Vel. Azul Pantone Mcz4
90,29,Nero,Absolute,4,Não informado,Não informado,Alumínio,Nero 4,Não informado,12v,100mm,"Cambio Shimano Deore, Suspensão 100mm com travabr, RELAÇÃO TRANSMISSÃO DA BIKEbr br brCassete 12 Velocidades 11x50D GTAbrPedivela GTA RX HollowtechbrTrocador Indexado Semi Automático de 12V GTAbrCambio Traseiro Shimano Deore M6100 12vbrCubos Para com FreeHub para cassetebrCorrente indexada de 12vbr br brCOMPONENTES DA BIKEbr br brQuadro aro 29 Alumínio Absolute Nero 4brSuspensão de 100mm de CursobrAros Aeros para Disco Folha DuplabrRaios ZincadosbrPneus Aro 29 Com AramebrCâmara de Ar Aro 29brJogo Direção Ahead SetbrSuporte Do guidão 318brGuidão 318 MTBbrCanote do Selim MTBbrPedal MTB PlataformabrArruela Calço para Ahead Set 1cmbrManopla MTB ComumbrAbraçadeira do Selim com BlocagembrSelim MTBbrRotor de Freio De 160mmbrFreio a Disco Hidráulico",Não informado,Não informado,Não informado,Não informado,Não informado,Não informado,Não informado,Disco Hidráulico,Bicicleta Aro 29 Absolute Nero 4 12v Cambio Shimano Deore
91,29,PretoCinza,Alfameq,Não informado,Não informado,Mtb,Alumínio,Atx 24v,29,24,Com Suspensão,"Garfo com suspensão, Rapid Fire",Não informado,Não informado,Não informado,Não informado,Não informado,Não informado,Pneu com Faixa Bege,a Disco,Bicicleta Aro 29 Alfameq Atx 24v Freio a Disco Garfo Com Suspensão Mtb 29 Alumínio Pneu com Faixa Bege - Preto/Cinza
92,12,Azul,Nathor,Não informado,Infantil,Não informado,Não informado,Apollo,Não informado,Não informado,Não informado,"Rodinhas, Cestinha, Suporte de garrafa",Não informado,Não informado,Não informado,Não informado,Não informado,Não informado,Não informado,Não informado,Bicicleta Infantil Aro 12 Nathor Aqua Azul
93,29,Não informado,KSW,Não informado,Não informado,MTB,Alumínio,XLT,29,24,80mm de Cursor,Não informado,Não informado,Não informado,Não informado,Não informado,Não informado,Não informado,Não informado,Hidráulico,Bicicleta Aro 29 Aluminio KSW Shimano Altus 24v Hidráulico
94,29,PretoVerde,KSW,15,Não informado,Não informado,Alumínio,Xlt,29,27,Com Trava,Rapid Fire,Não informado,Não informado,Não informado,Não informado,Não informado,Não informado,Não informado,Hidráulico,Bicicleta Aro 29 Ksw Xlt Alumínio Câmbio Traseiro Shimano Alívio e Altus 27v Freio Hidráulico Garfo Com Trava - Preto/Verde - Tam. 15
95,12,Não informado,Nathor,Não informado,Infantil,Não informado,Aço carbono,Veloz,Não informado,Não informado,Não informado,"Selim em PU com regulagem de altura, Pneus em EVA, Quadro garfo e guidão em aço carbono, Placa frontal, Mesa de direção em Nylon Reforçado, Garrafinha, Guidão com limitador de giro, Selim com regulagem e altura",Não informado,Não informado,Não informado,Não informado,Não informado,Não informado,"Limitador do giro do Guidão, Não danica o cabo de freio, Preserva a integridade física da Criança",Tambor,Bicicleta Infantil Nathor Aro 12 Veloz
96,12,Vermelho E ul,Track Bikes,Não informado,Não informado,Infantil,Aço Carbono,Arco Iris R,Não informado,Não informado,Não informado,Não informado,Não informado,Não informado,Não informado,Não informado,Não informado,21Kg,Não informado,A Tambor,Bicicleta Aro 12 Tk Vermelho E ul Track Bikes Arco Iris R
97,26,Verde,Gios,Não informado,Não informado,Freeride,alumínio,Frx,Não informado,21v,Suspensão,Não informado,Não informado,Não informado,Não informado,Mountain Bike,Não informado,Não informado,Não informado,Disco,Bicicleta Gios Frx Freeride Aro 26 Freio Disco 21v Verde
98,29,Não informado,Ksw,15,Não informado,Urbana,Alumínio,24v,Não informado,8,Rigido,Não informado,Não informado,Não informado,Não informado,Não informado,Não informado,Não informado,Não informado,Disco,Bicicleta Aro 29 Ksw 24v Shimano Freios a Disco Garfo Rígido
99,29,Nero,Absolute,Não informado,Não informado,Não informado,Alumínio,20V Relação 2x10 Com k7 e Trava,29,20,Com Trava,K7,Não informado,Não informado,Não informado,MTB,Não informado,Não informado,Não informado,Hidráulico,Bicicleta 29 Absolute Nero 20V Relação 2x10 Com k7 e Trava
100,29,Branco Rosa,Dropp,19,Não informado,Não informado,Aço,29,Aero 36 Furos folha dupla alumínio preto,21,AHET SET Dianteira 80 mm,Não informado,Não informado,Não informado,Não informado,Mountain Bikes,Não informado,130 Kg,Não informado,a disco mecânico,Bicicleta Aro 29 Freio a Disco Mecânico Quadro 19 Suspensão 21 Marchas Aço Branco Rosa - Dropp
101,29,Não informado,Não informado,Não informado,Não informado,Não informado,Alumínio,Cripto,Não informado,24,Cursor,Não informado,Não informado,Não informado,Não informado,Urbana e trilhas leves,Não informado,Não informado,Não informado,Disco,Bicicleta Aro 29 Cripto 24 Marchas Freios Disco e Suspensão
102,29,PretoAmareloVerde,Alfameq,Não informado,Feminina,Não informado,Alumínio,Pandora,29,21,Garfo Suspensão,Câmbios Shimano,Não informado,Não informado,Não informado,Não informado,Não informado,Não informado,Não informado,Disco,Bicicleta Aro 29 Alfameq Pandora Feminina Alumínio Câmbios Shimano 21v Freio a Disco Garfo Suspensão - Preto/Amarelo/Verde
103,29,Nero,Absolute,Não informado,Não informado,MTB,Alumínio,4,29,12,100mm de Curso,Freio hidráulico,Não informado,Não informado,Não informado,Não informado,Não informado,Não informado,1x12V,Hidráulico,Bicicleta Aro 29 Absolute Nero 4 Freio hidráulico 1x12V
104,29,Não informado,KRW,Não informado,Não informado,Não informado,Alumínio,Spotlight SX29,29,24,Mecânica,Não informado,Não informado,Não informado,Não informado,Não informado,Não informado,Não informado,Não informado,Disco,Bicicleta Aro 29 KRW Spotlight Alumínio 24 Vel Freio a Disco SX29
105,20,branca,Não informado,Não informado,feminina,infantil,aço carbono,aero,Não informado,Não informado,rígido,aro de roda lateral de apoio,Não informado,Não informado,Não informado,Não informado,Não informado,Não informado,Não informado,V-Brake,Bicicleta infantil feminina  aro 20 aero e roda lateral de apoio branca
106,29,Grafite,KSW,19,Masculino/Feminino,Mountain Bike,Não informado,XLT 100,29,21,Suspensão 29 aço ahead set 286mm preta com canelas de 38mm e travel de 80mm,Não informado,Não informado,Não informado,Não informado,MOUNTAIN BIKE,Não informado,Não informado,Não informado,Mecânico,Bicicleta Aro 29 KSW XLT 100 21V Shimano Quadro 19 Grafite
107,29,PretoLaranja,Ksw,Não informado,Não informado,Não informado,alumínio,Xlt,Não informado,24,suspensão,"Câmbio Shimano, Freios Hidráulicos, Garfo com Suspensão",Não informado,Não informado,Não informado,Não informado,Não informado,Não informado,Não informado,disco hidráulico,Bicicleta aro 29 Ksw Xlt 24v Câmbios Shimano Freios Hidráulicos Garfo com Suspensão - Preto/Laranja
108,12,PretoVermelho,Nathor,Não informado,Masculino,Infantil,Aço carbono e plástico,Mechanic,Não informado,Não informado,Não informado,"Rodas de treinamento, freio a tambor, cortes a laser, soldas por robôs, dobra computadorizadas",Não informado,Não informado,Não informado,Não informado,90 - 100 cm,Não informado,Garrafinha de água,Tambor,Bicicleta infantil masculino Mechanic Aro 12 NATHOR rodinhas
109,26,Não informado,Caloi,Não informado,Feminino,Não informado,alumínio,400,Não informado,21,45mm,Não informado,Não informado,Não informado,Não informado,Não informado,Não informado,Não informado,Não informado,Não informado,Bicicleta Caloi 400 Aro 26 21 Marchas
110,12,Não informado,NATHOR,Não informado,infantil,balance bike,Não informado,GARDEN,Não informado,Não informado,Não informado,Não informado,Não informado,Não informado,Não informado,Não informado,Não informado,Não informado,Não informado,Não informado,Bicicleta infantil aro 12 balance bike garden nathor unidade
111,29,BrancoVioleta,Ksw,Não informado,Feminina,Não informado,Alumínio,Mwza,Não informado,27,Não informado,Freios Hidráulicos,Não informado,Não informado,Não informado,Não informado,Não informado,Não informado,Não informado,Hidráulico,Bicicleta Feminina aro 29 Ksw Mwza 27v Câmbios Shimano Altus Freios Hidráulicos - Branco/Violeta
112,29,PretoCinza,Alfameq,Não informado,Não informado,Não informado,alumínio,Atx 24v,Não informado,24,Suspensão,"Freios a Disco Hidráulicos, Garfo Suspensão, Pneu com Faixa Bege",Não informado,Não informado,Não informado,Não informado,Não informado,Não informado,Não informado,a disco Hidráulicos,Bicicleta Aro 29 Alfameq Atx 24v Freios a Disco Hidráulicos Garfo Suspensão Pneu com Faixa Bege - Preto/Cinza
113,Não informado,Vermelha,Buba,Não informado,Não informado,Bicicletinha de Equilíbrio,Metal,Não informado,Não informado,Não informado,Não informado,Guidão móvel e macio,Não informado,Não informado,Não informado,Não informado,35 x 20 x 50,Não informado,Estrutura em Metal,Não informado,Bicicleta Bicicletinha  de Equilíbrio Vermelha 4 Rodas  Buba
114,26,Não informado,Fisher,Não informado,Unissex,Juvenil,Não informado,Altay,Não informado,21,Não informado,Não informado,Não informado,Não informado,Não informado,Não informado,Não informado,Não informado,Aprovado pelo INMETRO,Não informado,Bicicleta Fisher Altay Aro 26 21 Marchas
115,29,Não informado,KOG,Não informado,Não informado,Mountain Bike,Alumínio,Não informado,29,12,Trava no Ombro,Cabeamento Interno,Não informado,Não informado,Não informado,Urbano,Não informado,Não informado,Não informado,Disco Hidráulico,Bicicleta Aro 29 Kog 12V Freio Disco Hidráulico Trava
116,29,Não informado,TSW,Não informado,Não informado,MTB,Alumínio,Hurry,29,12,Rock Shox Judy,"Trava Remota, Ajuste de Preload, Off set 46 mm",Não informado,Não informado,Não informado,Não informado,Não informado,Não informado,Não informado,Disco Hidráulico,Bicicleta tsw hurry rockshox 12v xtime
117,12,AzulPreto,Nathor,Não informado,Meninos,Infantil,Não informado,Veloz,Não informado,Não informado,Não informado,Não informado,Não informado,Não informado,Não informado,Não informado,Não informado,Não informado,Não informado,Não informado,Bicicleta Aro 12 Infantil Masculino Veloz Nathor
118,12,Violet,NATHOR,Não informado,Não informado,Não informado,Aço Carbono,Não informado,Não informado,Não informado,Não informado,"Selim com regulagem e altura, Guidão com limitador de giro, Mesa de direção em Nylon Reforçados, Garrafinhas, Cestinhas, Quadro garfo e guidão em aço carbono, Pneus em EVA",Não informado,Não informado,Não informado,Não informado,Não informado,Não informado,Idade mínima recomendada: A partir de 3 anos,Tambor,Bicicleta NATHOR aro 12 - Violet
119,29,Não informado,KSW,Não informado,Não informado,MTB,Alumínio,XLT,29,24,80mm,Não informado,Não informado,Não informado,Não informado,Não informado,Não informado,Não informado,Não informado,Hidráulico,Bicicleta MTB Aro 29 KSW XLT 24V Shimano Freio Hidráulico
120,26,BrancoVerde,Vikingx,Não informado,Não informado,Não informado,Alumínio,Tuff,Vmaxx,21v,60mm,Freio Hidráulico a Disco,Não informado,Não informado,Não informado,Não informado,Não informado,Não informado,Não informado,Hidráulico a Disco,Bicicleta Aro 26 Vikingx Tuff 21v Alumínio Freio Hidráulico a Disco Aros Vmaxx Branco - Branco/Verde
121,29,PretoAzul,Xlt Ksw,Não informado,Não informado,Não informado,alumínio,Não informado,Não informado,24,com Trava no Ombro,Não informado,Não informado,Não informado,Não informado,Não informado,Não informado,Não informado,Não informado,disco mecânico,Bicicleta Aro 29 Xlt Ksw Alumínio 24v Câmbios Shimano Garfo com Trava no Ombro - Preto/Azul
122,26,tiffany,MARIA CLARA BIKES,17,Não informado,retro,aço,Não informado,aero,6,Não informado,cesta,Não informado,Não informado,Não informado,Não informado,Não informado,135,Não informado,V-BRAKE,Bicicleta Aro 26 retrô  cesta 6 marchas mary tiffany
123,Não informado,Não informado,Não informado,Não informado,Não informado,Equilibrio,Aço,Escolar,Não informado,Não informado,Não informado,Não informado,Não informado,Não informado,Não informado,Não informado,Não informado,80 kg,Não informado,Não informado,Bicicleta de Equilibrio Escolar
124,29,Não informado,Xnova,Não informado,Não informado,MTB,Alumínio,Attus,29,21,com Trava,Não informado,Não informado,Não informado,Não informado,Não informado,Não informado,Não informado,Não informado,a Disco,Bike Aro 29 Xnova Attus Alumínio 21v Marchas Suspensão com Trava Freio a Disco
125,29,Preto Cinza,Dropp,15,Não informado,Mountain Bike,Alumínio,Z4-X,Não informado,24,Suspensão de 80mm,Não informado,Não informado,Não informado,Não informado,Não informado,Não informado,130 Kg,Não informado,Disco Mecânico,Bicicleta Z4-X Quadro 15 Aro 29 Alumínio 24 Marchas Freio Disco Mecânico Preto Cinza - Dropp
126,29,Grafite,Ksw,Não informado,Não informado,Não informado,Alumínio,Xlt,29,27,Trava,"Freio Hidráulico, Garfo com Trava, Pneu com Faixa Bege",Não informado,Não informado,Não informado,Não informado,Não informado,Não informado,Não informado,Hidráulico,Bicicleta Aro 29 Ksw Xlt 27v Freio Hidráulico K7 Garfo com Trava Pneu com Faixa Bege - Grafite
127,29,Verde,Absolute,Não informado,Feminina,Não informado,Alumínio,Hera,29,27,Suspensão,Rapid Fire,Não informado,Não informado,Não informado,Não informado,Não informado,Não informado,K7,Disco Mecânico,Bicicleta Aro 29 Absolute Hera Feminina Alumínio 27v K7 Freio a Disco Mecânico Garfo com Suspensão - Verde
128,26,Preto,Não informado,Não informado,Não informado,Fat,Aço Carbono,Não informado,Não informado,21,Dupla,Dobrável,Não informado,Não informado,Não informado,Não informado,Não informado,Não informado,Não informado,Disco,Bicicleta Bike Fat Dobrável 21 Marchas Preto
129,29,PretoRosa,Drais,19,Não informado,MTB,Alumínio,29,29,24,Não informado,Não informado,Não informado,Não informado,Não informado,Não informado,Não informado,Não informado,Não informado,Disco,"Bicicleta 29 Drais 24v Freio A Disco MTB Alumínio 32r Preto/Rosa 19"" - 277"
130,Não informado,Rosa,Bandeirante,Não informado,Não informado,Equilíbrio,Não informado,Balance Bike,Não informado,Não informado,Não informado,"guidão limitador de giro, regulagem de altura, manoplas em TPE atóxico, selim anatômico com regulagem de altura, rodas com pneus em EVA",Não informado,Não informado,Não informado,Não informado,Não informado,21kg,Não informado,Não informado,Bicicleta de Equilíbrio Bandeirante Balance Bike Rosa
131,29,Não informado,KSW,Não informado,Não informado,MTB,Alumínio,XLT,29,24,80mm,Não informado,Não informado,Não informado,Não informado,Não informado,Não informado,Não informado,Não informado,Hidráulico,Bicicleta aro 29 KSW XLT 24 Marcha Shimano Freio Hidráulico
132,29,Grafite,Absolute,Não informado,Não informado,Não informado,Alumínio,Nero 4,29,27,Com Trava,"Câmbio Traseiro Shimano Deore e Altus, Freio Hidráulico, Garfo Com Trava",Não informado,Não informado,Não informado,Não informado,Não informado,Não informado,Cabos Internos,Hidráulico,Bicicleta Aro 29 Absolute Nero 4 Cabos Internos Câmbio Traseiro Shimano Deore e Altus 27v Freio Hidráulico Garfo Com Trava - Grafite
133,26,Não informado,Dalannio Bike,18,Não informado,Passeio,Aço Carbono,Stroll,26,Não informado,Não informado,Não informado,Não informado,Não informado,Não informado,Não informado,Não informado,Não informado,Não informado,V-Brake,Bicicleta Aro 26 Passeio Stroll
134,29,Não informado,KSW,Não informado,Não informado,Não informado,Alumínio,XLT100,29,12,Com Trava no Ombro,Não informado,Não informado,Não informado,Não informado,MTB,Não informado,Não informado,Não informado,Disco Hidráulico,Bicicleta Aro 29 KSW XLT100 12 Velocidades Relação Absolute
135,29,branco,Tecultra30,21,Não informado,Elétrica,alumínio,Tecultra30,29,21,guidão,Não informado,bateria de lítio,350w,Não informado,urbano,Não informado,120 kg,Não informado,disco mecânico,Bicicleta Elétrica Tecultra3.0 10 A/H Motor 350W-Quadro 21 B
136,20,Não informado,TwoDogs,Não informado,Não informado,Dobrável,Aço carbono,Pliage,20 x 15,7,Não informado,"Dobrável, Elétrica, Pedal assistido, Computador de bordo, Iluminação, Freio a disco, Bagageiro, Bolsa porta trecos",Bateria,350W,Não informado,Lazer,Não informado,90 Kg,"Motor impermeável,  Bateria de lítio,  Pneus mais largos,  Selim mais confortável,  Para-lama de alumínio,  Travas mais resistentes,  Descanso lateral",Disco,Bicicleta Elétrica Dobrável Pliage 350w Plus Two Dogs 2022
137,12,vermelho,Nathor,Não informado,Masculino,Não informado,aço carbono,Mickey,12,Não informado,Não informado,"limitador de giro do guidão, pneus em e v a, cestinha ou plaquinha, mesa de direção em nylon reforçado, selim com regulagem de altura, freio dianteiro a tambor, trava de segurança",Não informado,Não informado,Mickey,Não informado,Não informado,21 kg,Não informado,a tambor,Bicicleta Masculins Aro 12 Marca Nathor Modelo Mickey
138,29,Não informado,KSW,Não informado,Não informado,MTB,Alumínio,XLT Altus 24v,29,24,80mm de Cursor,Não informado,Não informado,Não informado,Não informado,Não informado,Não informado,Não informado,Hidráulico,Disco Hidráulico,Bicicleta Aro 29 KSW XLT Altus 24v Hidráulico
139,29,Não informado,KSW,Não informado,Não informado,MTB,Alumínio,Não informado,29,24,Não informado,"Freio a disco hidráulico, Led",Não informado,Não informado,Não informado,Não informado,Não informado,Não informado,Não informado,Disco Hidráulico,Bicicleta KSW Aro 29 Câmbios Shimano 24 Marchas Freio Disco Hidráulico com Suspensão + Led
140,26,Não informado,Colli,18,Não informado,Não informado,Aço Carbono,Fulls GPS,26,21,Dupla Suspensão,Não informado,Não informado,Não informado,Não informado,Não informado,Não informado,100 Kg,Não informado,V-Brake,Bicicleta Colli Aro 26 GPS Dupla Suspensão 21 Marchas Freios V-Brake Aço Carbono
141,29,Não informado,Raider,"15, 17, 19, 21",Não informado,MTB,Alumínio,Z3X,29,24,Suspensão,Não informado,Não informado,Não informado,Não informado,Não informado,Não informado,Não informado,Não informado,Disco,Bicicleta Aro 29 Raider Z3X 24 Vel Câmbio Traseiro Shimano Freio a Disco Bike MTB Alumínio
142,12,AZUL,Não informado,Não informado,Masculino,Balance,Aço carbono,Equilibrio sem Pedal,12,Não informado,Não informado,Limitador de giro do guidão,Não informado,Não informado,Não informado,Não informado,Não informado,21 kg,Não informado,Não informado,Bicicleta Infantil Balance Masculino Equilibrio sem Pedal AZUL
143,29,Não informado,Ksw,Não informado,Não informado,MTB,Alumínio,Não informado,29,21,Cursor,Não informado,Não informado,Não informado,Não informado,Urbano,Não informado,Não informado,Não informado,Disco,"Bicicleta Aro 29 Ksw 21 Marchas Shimano, Freios a Disco e K7"
144,29,Não informado,KOG,Não informado,Não informado,MTB,Alumínio,Não informado,29,12,80mm,Cabeamento Interno,Não informado,Não informado,Não informado,Urbano,Não informado,Não informado,Não informado,Hidráulico,Bicicleta Aro 29 MTB KOG 12 Velocidades Freios Hidráulicos
145,26,Não informado,Mobele,17,Feminina,Não informado,aço carbono,Imperial,26,7,Não informado,"Bagageiro, Para Lamas, Protetor de Correntes",Não informado,Não informado,Não informado,Não informado,Não informado,Não informado,Não informado,V-Brake,Bicicleta Feminina Mobele Imperial 7V Aro 26
146,24,verde esmeralda e roxo,WINDY,Não informado,Não informado,Não informado,aço carbono,Houston,Não informado,21,Não informado,Não informado,Não informado,Não informado,Não informado,Não informado,Não informado,Não informado,com cesta,V-Brake,Bicicleta aro 24 com 21 marchas freio V-Brake verde esmeralda e roxo com cesta - WINDY - Houston
147,29,Não informado,KSW,Não informado,Não informado,Mountain Bike,Alumínio,XLT,29,21,Dianteira,"Componentes em alumínio, Freios a Disco, Suspensão Dianteira",Não informado,Não informado,Não informado,Não informado,17,Não informado,Não informado,Disco,Bicicleta Aro 29 Bike Ksw Xlt 21 Marchas Alumínio Freio a Disco
148,29,Não informado,KSW,Não informado,Não informado,MTB,Alumínio,XLT,29,21,80mm,Não informado,Não informado,Não informado,Não informado,Não informado,Não informado,Não informado,Não informado,Disco Mecânico,Bicicleta Aro 29 KSW XLT 21v Shimano Tourney
149,29,Preto e Branco,Spaceline,Não informado,Não informado,MTB,Alumínio,Orion,Não informado,21,80mm de amortecimento,Não informado,Não informado,Não informado,Não informado,Não informado,Não informado,Não informado,Não informado,Disco,Bicicleta Aro 29 Spaceline Orion  Preto e Branco
150,29,Azul Escuro Preto,Dropp,19,Não informado,Mountain Bike,Alumínio,SX Sport,Não informado,21,Suspensão de 100mm sem Travabr,Não informado,Não informado,Não informado,Não informado,Não informado,Não informado,110 kg,Não informado,Freio a Disco Mecânico,Bicicleta SX Sport Aro 29 Quadro 19 Alumínio 21v Shimano TZ Freio Mecânico Azul Escuro Preto - Dropp
151,700c,Preto Fosco,Groove,18,Não informado,Urban,Alumínio,ID,Não informado,21,Não informado,"Paralamas, Guidão regulável",Não informado,Não informado,Não informado,Não informado,Não informado,Não informado,Não informado,Disco mecânico,Bicicleta Groove Urban ID 21v aro 700c Preto Fosco Quadro 18
152,20,Não informado,Tridal,14,Masculino,MTB,Aço,Boy,Não informado,1,Não informado,Não informado,Não informado,Não informado,Não informado,Infantil,Não informado,70 Kg,Não informado,V-Brake,Bicicleta Aro 20 MTB Boy Infantil Tridal
153,12,Black,Nathor,Não informado,Menino,Infantil,Aço carbono,Não informado,Não informado,Não informado,Não informado,"Limitador de giro do guidão, Pneus em EVA, Cestinha ou plaquinha, Mesa de direção em nylon reforçado, Selim com regulagem de altura, Freio dianteiro a tambor, Trava de segurança",Não informado,Não informado,Não informado,Não informado,Não informado,21 kg,Rodinhas de Treinamento,Tambor,Bicicleta Infantil Black Aro 12 com Rodinhas de Treinamento e Freio a Tambor
154,29,Não informado,Rino,15  17  19  21,Não informado,MTB,Alumínio Liga 6061,Everest,Não informado,24,Aço,"Freios à Disco, Câmbios Indexados, Alavanca de Troque Rápido, Garfo com Suspensão, Câmara Max Tube Br, Câmbio Dianteiro 3V, Câmbio Traseiro Indexado, Roda Livre 8V, Alavanca Rapidfire 8V, Troque Rápido, Suporte Aheadset 318 Alumínio, Canote de Alumínio Preto, Movimento Central de Rolamento, Corrente Index, Pneu 29 Cravo, Cubo Disk Aço Esferado, Caixa de Direção Esfera, Freio a Disco, Guidão Reto 3180 680 MM, Pedal MTB Nylon, Quadro Alumínio Liga 6061, Manopla, Selim Selle Royal, Garfo 29 Suspensão Aço, Aro Aero 29 Vzan, Abraçadeira C Blocagem, Pedivela Triplo Aço, Espaçador Aheadset 10mm Alumínio",Não informado,Não informado,Não informado,Não informado,Não informado,110 KG,Não informado,Disco,Bicicleta aro 29 Rino Everest a Disco 24v Index - ESTOQUE
155,29,Não informado,Alfameq,Não informado,Não informado,MTB,Alumínio,ATX Altus 24V,29,24,100mm de Curso,Freio Hidráulico,Não informado,Não informado,Não informado,Não informado,Não informado,Não informado,K7,Disco Hidráulico,Bicicleta Aro 29 Alfameq ATX Altus 24V Freio Hidráulico e K7
156,29,Não informado,KSW,19 Polegadas,Não informado,MTB,Alumínio,Não informado,29,21,Não informado,Não informado,Não informado,Não informado,Não informado,Urbana,19 Polegadas,Não informado,Não informado,Disco,Bicicleta Alumínio Aro 29 KSW Shimano Freio Disco 21 Velocidades
157,29,Não informado,KSW,Não informado,Não informado,MTB,Alumínio,Não informado,29,12,Suspensão de 100mm de Curso,Freio Hidráulico Susp Trava GTA,Não informado,Não informado,Não informado,Não informado,Não informado,Não informado,Não informado,Hidráulico,Bike MTB 29 KSW 12V Freio Hidráulico Susp Trava GTA
158,29,Não informado,Dropp,Não informado,Feminina,Não informado,Alumínio,RS1,29,21,Suspensão,Não informado,Não informado,Não informado,Não informado,Não informado,Não informado,Não informado,Não informado,Disco,Bicicleta Feminina Aro 29 Dropp Rs1 21 velocidades Câmbio Shimano Freio a Disco
159,12,Não informado,Nathor,Não informado,Feminino,Infantil,Não informado,Antonella,Não informado,Não informado,Não informado,"Selim PU, limitador de giro, regulagem de ângulo do guidão, regulagem de altura do selim, movimento central avançado",Não informado,Não informado,Não informado,Não informado,Não informado,Não informado,Não informado,Não informado,Bicicleta Infantil com Rodinhas Aro 12 Selim PU Antonella Nathor
160,29,BrancaVerde,Ello Bike,Não informado,Não informado,Não informado,Aço Carbono,Velox,Não informado,21,Não informado,Não informado,Não informado,Não informado,Não informado,Não informado,Não informado,Não informado,Não informado,Disco,Bicicleta Aro 29 Shimano Freio a Disco 21M. Velox Branca/Verde - Ello Bike
161,29,Não informado,KSW,Não informado,Não informado,MTB,Alumínio,Não informado,29,27,Sem Trava,Não informado,Não informado,Não informado,Não informado,Urbano,Não informado,Não informado,Não informado,Hidráulico,Bicicleta MTB Aro 29 KSW 27v Freio Hidráulico Cubos K7
162,29,Laranja,X-PROBIKE,Não informado,Não informado,Não informado,alumínio,Não informado,29,21,mecânica,Não informado,Não informado,Não informado,Não informado,Não informado,Não informado,Não informado,Não informado,a Disco,Bicicleta Aro 29 Freio a Disco 21v Laranja X-PROBIKE
163,20,Não informado,Pro-X,Não informado,Não informado,BMX,Aço Hi-Ten,Série 20,Não informado,Não informado,Não informado,"Eixo de 14mm, Freio U-Brake, Pedivela 3 peças, Aros de Parede Dupla, Suporte de Guidão Vazado, Manete em Alumínio",Não informado,Não informado,Não informado,Não informado,Não informado,Não informado,Não informado,U-Brake,Bicicleta pro x bmx serie 20 2024 freio u-brake aro 20
164,12,Não informado,Caloi,Não informado,Infantil,Não informado,Aço,Hot Wheels,Não informado,Não informado,Não informado,"Cestinha, Garrafinha, Paralama, Cobre Corrente",Não informado,Não informado,Hot Wheels,Não informado,Não informado,25 kg,Não informado,Tambor,Bicicleta Infantil Aro 12 Hot Wheels Com Rodinhas Caloi 3+
165,26,Branco,Depedal Bikes,Não informado,Não informado,Downhil,Não informado,DNE 028,Não informado,18,Não informado,Não informado,Não informado,Não informado,Não informado,Não informado,Não informado,Não informado,Não informado,Não informado,Bicicleta Downhil 18 Marchas Aro 26 DNE 028 Depedal Bikes Branco
166,29,Não informado,KSW,Não informado,Não informado,MTB,Alumínio,XLT,29,12,Com Trava,Trava no Ombro,Não informado,Não informado,Não informado,Não informado,Não informado,Não informado,Não informado,Hidráulico,Bicicleta Aro 29 KSW XLT 12V Freio Hidráulico Susp C Trava
167,29,Não informado,KOG,Não informado,Não informado,Mountain Bike,Alumínio,Não informado,29,21,Suspensão de 80mm de Cursor,Não informado,Não informado,Não informado,Não informado,Urbana,Não informado,Não informado,Não informado,Disco Mecânico,Bicicleta Aro 29 KOG 21 Marcha Cambio Shimano Freio a Disco
168,29,Não informado,KSW,Não informado,Não informado,MTB,Alumínio,XLT,29,27,Trava,Não informado,Não informado,Não informado,Não informado,Não informado,Não informado,Não informado,Não informado,Hidráulico,Bicicleta MTB Aro 29 KSW 27 Marchas Freio Hidráulico K7 Suspensão Trava
169,29,Não informado,KRW,Não informado,Não informado,Não informado,Alumínio,Spotlight,29,27,com Trava,Não informado,Não informado,Não informado,Não informado,Não informado,Não informado,Não informado,Não informado,Disco Hidráulico,Bicicleta Aro 29 KRW Spotlight Alumínio 27 Vel Freio a Disco Hidráulico com Trava SX53
170,29,PretoVermelho,Absolute,Não informado,Não informado,Não informado,Não informado,Nero 4,29,12,com trava no ombro,Cabeamento Interno,Não informado,Não informado,Não informado,Não informado,Não informado,Não informado,Pneu com Faixa Bege,Hidráulicos,Bicicleta Aro 29 Absolute Nero 4 Cabeamento Interno 12v Garfo Trava no Ombro Freios Hidráulicos Pneu com Faixa Bege - Preto/Vermelho
171,29,Prata,Ksw,Não informado,Não informado,Não informado,Alumínio,Xlt,Não informado,21,Curso 80mm,Não informado,Não informado,Não informado,Não informado,Não informado,Não informado,Não informado,Não informado,A disco mecânico,Bicicleta Ksw Xlt Aro 29 21 Vel. Prata Mcz8
172,29,Não informado,Ksw,Não informado,Não informado,Mountain Bike,Alumínio,12v Deore,Não informado,12,Cursor,Trava Guidão,Não informado,Não informado,Não informado,Não informado,Não informado,Não informado,Não informado,Hidraulico,Bicicleta Aro 29 Ksw 12v Deore Freio Hidraulico Trava Guidão
173,29,GrafiteAzulPreto,Groove,15 - 17 - 19 - 205,Não informado,Mountain Bike,Alumínio,Hype 10,Não informado,21,Suspensão Groove 80mm crown Alloy c trava no ombro,Cabeamento interno,Não informado,Não informado,Não informado,MTB,29,Não informado,Garantia Vitalícia Limitada,Disco Mecânico,Bicicleta Mountain Bike Aro 29 Groove Hype 10 21V
174,29,Cinz,AXW,Não informado,Não informado,Não informado,Alumíno 6061,Não informado,29,24,Diant2,Freio Hidráulico,Não informado,Não informado,Não informado,Não informado,Não informado,Não informado,Acessórios,Disco Hidráulico,Bicicleta Axw Aro29 Cinz 24vel Susp Diant+2 Acessórios
175,26,Verde,MARIA CLARA BIKES,17,Não informado,Urbana,AÇO,Não informado,AERO,6,Não informado,"Cadeirinha, Cesta",Não informado,Não informado,Não informado,Não informado,Não informado,135,Não informado,V-BRAKE,Bicicleta Urbana aro 26 com cadeirinha cesta forte 6v Verde
176,12,Não informado,Nathor,Não informado,Feminino,Não informado,Aço carbono,Flower,Não informado,Não informado,Não informado,"Pneus antiderrapantes, Paralamas em polipropileno, Rodinhas para apoio atrás, Estampa Flower, Suporte para garrafinha de água, Cesta na parte da frente",Não informado,Não informado,Não informado,Não informado,Não informado,Não informado,Não informado,Tambor,Bicicleta aro 12 flower nathor
177,12,Não informado,Nathor,Não informado,Infantil,Não informado,Aço carbono,FIRE MAN,Não informado,Não informado,Não informado,"Limitador de giro do guidão, Regulagem de ângulo do guidão e da altura do selim, Pneus em EVA, Garrafinha e cestinha ou plaquinha, Mesa de direção em nylon reforçado",Não informado,Não informado,Não informado,Não informado,Não informado,21kg,Não informado,Tambor,Bicicleta Infantil Nathor 3 a 6 anos FIRE MAN Aro 12 Com Rodinhas
178,29,Não informado,KOG,Não informado,Adulto,Mountain Bike,Alumínio,Não informado,29,21,Dianteira,Não informado,Não informado,Não informado,Não informado,Urbano,Não informado,Não informado,Não informado,Disco,Bicicleta Aro 29 Adulta KOG 21 Velocidades 3x7 Marcha Freio a Disco e Suspensão Dianteira de 80mm
179,29,Não informado,KSW,Não informado,Não informado,MTB,Alumínio,Não informado,29,12,Com Trava,Freio Hidráulico,Não informado,Não informado,Não informado,Não informado,Não informado,Não informado,Não informado,Hidráulico,Bicicleta Bike aro 29 KSW 12V Freio Hidráulico Susp C Trava
180,29,branco,Tecultra,19,Não informado,Elétrica,alumínio,Tecultra30,29,21,ferro importado,Não informado,bateria de lítio,350w,Não informado,urbano,Não informado,120 kg,Não informado,disco mecânico,Bicicleta Elétrica Tecultra3.0 12Ah Motor 350W-Quadro 19 B
181,29,PretoRosa,Ksw,Não informado,Feminina,Não informado,Alumínio,Mwza,29,24,Com Trava,"Câmbios Shimano Altus, Freios Hidráulicos, Garfo Com Trava",Não informado,Não informado,Não informado,Não informado,Não informado,Não informado,Não informado,Hidráulicos,Bicicleta Aro 29 Ksw Mwza Feminina Câmbios Shimano Altus 24v K7 Alumínio Freios Hidráulicos Garfo Com Trava - Preto/Rosa
182,29,Não informado,KSW,Não informado,Não informado,MTB,Alumínio,XLT,29,27,Suspensão de 100mm de Curso com Trava no Ombro,Trava,Não informado,Não informado,Não informado,Não informado,Não informado,Não informado,Hidráulico K7,Disco Hidráulico,Bicicleta Aro 29 KSW XLT 27v Hidráulico K7 e Trava
183,29,Não informado,KSW,Não informado,Feminina,MTB,Alumínio,Sunny,29,21V,80MM,Não informado,Não informado,Não informado,Não informado,Não informado,Não informado,Não informado,Não informado,Disco Mecânico,Bicicleta Aro Retro Feminina 29 KSW Sunny 21V Cambios Shimano Freio a Disco Mecânico
184,29,Não informado,Ksw,Não informado,Não informado,Não informado,Alumínio,Não informado,Não informado,21v,Suspensão,Não informado,Não informado,Não informado,Não informado,Não informado,Não informado,Não informado,Não informado,Hidráulico,Bicicleta Aro 29 Ksw Cambios Shimano 21v Freios Hidraulicos
185,29,Não informado,KRW,Não informado,Não informado,Não informado,Alumínio,Spotlight SX1,29,24,mecânico,Não informado,Não informado,Não informado,Não informado,Não informado,Não informado,Não informado,Não informado,Disco,Bicicleta Aro 29 KRW Spotlight Alumínio Shimano TZ 24 Vel Freio a Disco SX1
186,29,Não informado,Absolute,"15, 17, 19, 21",Não informado,Mountain Bike,Alumínio,Cripto,29,18,Cursor,Trava E K7,Não informado,Não informado,Não informado,MTB,Não informado,Não informado,Hidráulica,Disco,Bicicleta Aro 29 Cripto 18v Absolute Hidráulica Trava E K7
187,29,Amarela,GTI,19,Não informado,Não informado,Alumínio,Roma,29,24,80mm de Cursor,Não informado,Não informado,Não informado,Não informado,Não informado,Não informado,Não informado,Não informado,Disco Mecânico,Bicicleta GTI Roma Aro 29 Quadro 19 Alumínio Amarela 24V .
188,29,PretoLaranja,DRAIS,19,Não informado,Não informado,ALUMÍNIO,ALUMINUM,29,24,80MM,Não informado,Não informado,Não informado,Não informado,Não informado,Não informado,Não informado,Não informado,Disco Hidráulico,"Bicicleta Drais Freio a Disco Hidráulico 24V Aro 29 Preto/Laranja 19"" - 223"
189,29,Branco,Absolute,Não informado,Feminina,Não informado,Alumínio,Hera,29,27,Com Trava no Guidão,Rapid Fire,Não informado,Não informado,Não informado,Não informado,Não informado,Não informado,Pré montada,Hidráulicos,Bicicleta Aro 29 Absolute Hera Feminina Alumínio Câmbios Shimano Alívio e Altus 27v Freios Hidráulicos Garfo Com Trava no Guidão - Branco
190,29,Preto  Laranja,Dropp,Não informado,Não informado,MTB,Alumínio 6061,Z4-X,Não informado,24,Garfo c curso de 80mm,Não informado,Não informado,Não informado,Não informado,Não informado,Não informado,Não informado,Não informado,Hidráulico,Bicicleta Aro 29 Dropp Z4-X  Hidráulico 24 Preto  Laranja
191,29,Não informado,KRW,155,Não informado,Mountain,Alumínio,S21,29,21,Suspensão,Não informado,Não informado,Não informado,Não informado,Não informado,Não informado,Não informado,Não informado,Disco,Bicicleta Aro 29 KRW Alumínio Shimano TZ 21 Velocidades Marchas Freio a Disco Suspensão Mountain  Bike  S21
192,29,Não informado,KSW,Não informado,Não informado,MTB,Alumínio,XLT,29,27,100mm de Curso com Trava no Ombro,Hidráulico K7 e Trava,Não informado,Não informado,Não informado,Não informado,Não informado,Não informado,Não informado,Disco Hidráulico,Bicicleta Aro 29 KSW XLT 27v Hidráulico K7 e Trava
193,12,Aqua,Nathor,Não informado,Infantil,Não informado,Aço carbono,Não informado,12,Não informado,Não informado,"Limitador de giro do guidão, Freio a tambor, Regulagem de ângulo do guidão e da altura do selim, Pneus em EVA, Garrafinha e cestinha ou plaquinha, Mesa de direção em nylon reforçado",Não informado,Não informado,Não informado,Não informado,Não informado,21 kg,Não informado,Tambor,Bicicleta Infantil Nathor Aqua Aro 12
194,29,Não informado,KOG,Não informado,Não informado,Mountain Bike,Alumínio,Não informado,29,21,80mm de Cursor,Não informado,Não informado,Não informado,Não informado,Urbana,Não informado,Não informado,Não informado,Disco Mecânico,Bicicleta Aro 29 KOG 21 Marcha Cambio Shimano Freio a Disco
195,29,PretoRosa,Drais,15 - 185,Não informado,MTB,Alumínio,ALUMINUM,29,21V,Não informado,Engate Rápido,Não informado,Não informado,Não informado,Não informado,Não informado,Não informado,Não informado,Disco,"Bicicleta Aro 29 Drais Câmbio Shimano 21V MTB Aluminun Preto/Rosa 15"" - 185"
196,16,Não informado,Bianini,Não informado,Masculina,Infantil,AÇO,Não informado,16,Não informado,Rigido,"Paralamas, Cobre Corrente",Não informado,Não informado,Não informado,Não informado,Não informado,30 kg,Nylon,Não informado,Bic. ARO 16 MASCULINA BIANINI
197,29,Não informado,Cripto,Não informado,Não informado,Não informado,Alumínio 6061,Não informado,Não informado,24,Curso de 100mm com trava,Não informado,Não informado,Não informado,Não informado,Urbano e trilhas leves,Não informado,Não informado,Não informado,Hidraulico a Disco de 160mm,Bicicleta Aro 29 Cripto 24v Shimano Fr. Hidraulico/Trava/K7
198,29,Preto Verde,Spaceline,19,Não informado,MTB,Alumínio,Vega,Não informado,21,Suspensão de 80mm,Não informado,Não informado,Não informado,Não informado,Não informado,Não informado,130 Kg,Não informado,Disco Mecânico,Bicicleta MTB Vega Quadro 19 Aro 29 Alumínio 21 Marchas Freio Mecânico Preto Verde - Spaceline
199,29,Não informado,Não informado,"15, 17, 19, 21",Não informado,Não informado,Alumínio 6061,Cripto,Não informado,24,Curso de 100mm com trava,Trava K7,Não informado,Não informado,Não informado,Urbano e trilhas leves,Não informado,Não informado,Não informado,Hidráulico a disco de 160mm,Bicicleta Aro 29 Cripto 24v Shimano Fr. Hidraulico/Trava/K7
200,29,Não informado,KSW,Não informado,Não informado,MTB,Alumínio,Não informado,29,24,100mm com Trava,"Freio a Disco, Cubo K7, Trava no Ombro",Não informado,Não informado,Não informado,Não informado,Não informado,Não informado,Não informado,Disco Mecânico,Bicicleta MTB Aro 29 KSW 24V Freio a Disco Cubo K7 e Trava
201,Não informado,Não informado,Buba,Não informado,Não informado,Equilíbrio,Não informado,Não informado,Não informado,Não informado,Não informado,Não informado,Não informado,Não informado,Não informado,Não informado,Não informado,20 Kg,4 Rodas,Não informado,Bicicleta De Equilíbrio 4 Rodas Bebê Sem Pedal Infantil Buba
202,29,Não informado,KSW,Não informado,Não informado,MTB,Alumínio,XLT,29,12,80mm,Não informado,Não informado,Não informado,Não informado,Não informado,Não informado,Não informado,Não informado,Hidráulico,Bicicleta Aro 29 KSW XLT 12 Velocidades e Freios Hidráulico
203,29,Preta,Absolute,Não informado,Não informado,Não informado,Alumínio,Wild,29,27,Com Trava,"Câmbio Traseiro Shimano Alívio e Altus, Freio Hidráulico, Garfo Com Trava",Não informado,Não informado,Não informado,Não informado,Não informado,Não informado,Não informado,Hidráulico,Bicicleta Aro 29 Absolute Wild Alumínio Câmbio Traseiro Shimano Alívio e Altus 27v Freio Hidráulico Garfo Com Trava - Preta
204,29,Não informado,Dropp,21,Não informado,Não informado,Alumínio,Rs1,29,24,Suspensão com Trava,Freio Hidráulico,Não informado,Não informado,Não informado,Não informado,Não informado,Não informado,Não informado,Hidráulico,Bicicleta Aro 29 Dropp Rs1 24v Freio Hidráulico Shimano Acera Tamanho do Quadro 21 XG
205,29,Não informado,KSW,Não informado,Não informado,MTB,alumínio,Não informado,29,8,mecânica,Não informado,Não informado,Não informado,Não informado,passeios,Não informado,Não informado,Não informado,a disco,Bicicleta Aro 29 Ksw Alum 24v Câmbios Shimano Freio A Disco
206,29,Não informado,KSW,Não informado,FEMININO,Não informado,Alumínio,MWZA,29,8v,80mm de Cursor,Não informado,Não informado,Não informado,Não informado,Não informado,Não informado,Não informado,Não informado,Hidráulico,BICICLETA ARO 29 KSW MWZA FEMININO 24v HIDRÁULICO
207,Não informado,Não informado,Sundown,Não informado,Não informado,Não informado,Aluminium,Graciosa,Não informado,18 Marchas,Não informado,Não informado,Não informado,Não informado,Não informado,Não informado,Não informado,Não informado,Não informado,Não informado,Bicicleta Aluminium Graciosa Sundown 18 Marchas
208,29,Não informado,KSW,21 Polegadas,Não informado,MTB,Alumínio,Não informado,29,24,OVER,Não informado,Não informado,Não informado,Não informado,Urbana,Não informado,Não informado,Não informado,Hidráulico,Bicicleta KSW Aro 29 Câmbio Shimano 24 Marchas Cubos K7 Freio Hidráulico com Suspensão
209,29,Nero,Absolute,4,Não informado,Não informado,Alumínio,Nero 4,29,12,100mm,Cambio Shimano Deore,Não informado,Não informado,Não informado,Não informado,Não informado,Não informado,Não informado,Disco Hidráulico,Bicicleta Aro 29 Absolute Nero 4 12v Cambio Shimano Deore
210,14,Rosa,Nathor,Único,Não informado,Infantil,Alumínio,First Pro,Não informado,Não informado,Rígido,Rodas de treinamento,Não informado,Não informado,Não informado,Não informado,Não informado,25 Kg,Selim PU com Abraçadeira em Alumínio e Trava de SegurançabrGuidão AçobrPneu Com Câmara de BorrachabrRaio ABS,Disco,Bicicleta Infantil Aro 14 First Pro Alumínio Rosa Nathor
211,20,Rosa,Nathor,Não informado,Não informado,Não informado,Aço carbono,Bella,20,Não informado,Não informado,"Movimento central deslocado, Freios V-Brake, Maçaneta em alumínio, Pezinho de descanso, Protetor de corrente, Pneus com câmara",Não informado,Não informado,Não informado,Não informado,Não informado,70 kg,"Idade mínima recomendada A partir de 8 anos, Altura máxima recomendada 120  150 cm",V-Brake,Bicicleta Aro 20 Bella Nathor - Rosa
212,29,Não informado,KSW,Não informado,Não informado,Não informado,Alumínio,XLT100,29,12,100mm de Curso Com Trava no Ombro,Não informado,Não informado,Não informado,Não informado,Não informado,Não informado,Não informado,Não informado,Disco Hidráulico,Bicicleta Aro 29 KSW XLT100 12 Velocidades Relação Absolute
213,29,Não informado,Oggi,44  50,Não informado,Mountain Bike,Alumínio,Big Wheel 70,Não informado,18,MTB,Não informado,Não informado,Não informado,Não informado,Não informado,155 17 19 21,Não informado,Não informado,Disco,Bicicleta Oggi Big Wheel 7.0 Aro 29 18V A22
214,16,Vermelho,UNITOYS,Não informado,Unissex,Infantil,Não informado,Moto Cross,Não informado,Não informado,Dianteira,"Suspensão Dianteira, Rodas de Treinamento",Não informado,Não informado,Não informado,Não informado,Não informado,60kg,Guidão bmx,V brakes,Bicicleta Infantil Moto Cross Aro 16 Freios V brakes Unitoys
215,29,Não informado,Absolute,Não informado,Não informado,MTB,Alumínio,Nero 3,29,21,80mm de Cursor,Não informado,Não informado,Não informado,Não informado,Não informado,Não informado,Não informado,Não informado,Disco,Bicicleta MTB Aro 29 Absolute Nero 21 Velocidade Freio Disco
216,29,Branca,Absolute,21,Não informado,Não informado,Alumínio,Nero III,Não informado,21,Suspensão,Não informado,Não informado,Não informado,Não informado,Não informado,Não informado,Não informado,Não informado,Disco,Bicicleta aro 29 Absolute Nero III Alumínio 21 marchas Freio a Disco Suspensão Branca Tam.21
217,29,Não informado,KSW,Não informado,Não informado,MTB,Alumínio,Não informado,29,24,100mm,Trava no ombro,Não informado,Não informado,Não informado,Não informado,Não informado,Não informado,Não informado,Disco,Bicicleta MTB Aro 29 KSW 24V Freio a Disco Cubo K7 e Trava
218,29,Não informado,KSW,Não informado,Não informado,MTB,Alumínio,XLT,29,12,Com Trava,Trava,Não informado,Não informado,Não informado,Não informado,Não informado,Não informado,Não informado,Hidráulico,Bicicleta Aro 29 KSW XLT 12V Freio Hidráulico Susp C Trava
219,16,Verde,Monark,Não informado,Masculino,BMX,Aço carbono,BMX ARO 16,16,Única,Não informado,"Cobre corrente circular, manete de freio com ajuste, guidão com desenho esportivo e pintura em cores vibrantes",Não informado,Não informado,Não informado,Não informado,Não informado,Não informado,Não informado,V-brake,Bicicleta Infantil Bmx Monark Aro 16 Verde
220,29,Não informado,GTA,Não informado,Não informado,MTB,Alumínio,20V,29,20,100mm de Curso com Trava no Ombro,Trava,Não informado,Não informado,Não informado,Não informado,Não informado,Não informado,Não informado,Hidráulico,Bike MTB 29 GTA 20V 2x10 Shimano Deore k7 F Hidráulico Trava
221,29,Nero,Absolute,4,Não informado,MTB,Alumínio,Não informado,29,27,Sem Trava,Hidraulico Cubo K7,Não informado,Não informado,Não informado,Não informado,Não informado,Não informado,Não informado,Disco Hidráulico,Bicicleta MTB Aro 29 Absolute Nero 4 27V Hidraulico Cubo K7
222,29,Não informado,KSW,Não informado,Não informado,MTB,Alumínio,XLT,29,24,80mm,Não informado,Não informado,Não informado,Não informado,Não informado,Não informado,Não informado,Não informado,Hidráulico,Bicicleta Aro 29 KSW XLT 24V Cambio Shimano Freio Hidráulico
223,29,Não informado,Netuno,18 Pol,Não informado,Passeio,Aço Carbono,Houston,29 Pol,21,Mode,Não informado,Não informado,Não informado,Não informado,Não informado,Não informado,100kg,Não informado,disco mecânico,Bicicleta Netuno Passeio Aro 29 21 Marchas Houston
224,20,Preto,Houston,Não informado,Infantil,Não informado,Aço carbono,Trup,20,Não informado,Não informado,Refletores manuais e folheto,Não informado,Não informado,Não informado,Não informado,Não informado,Não informado,Não informado,V-Brake,Bicicleta infantil aro 20 freio V-Brake - Trup - Houston
225,12 Polegadas,Não informado,Verden Bikes,Não informado,Unissex,Bicicleta equilíbrio,Aço carbono,Safari Baby Balance,Não informado,Não informado,Não aplicável,Cesta Sem corrente Leve,Não informado,Não informado,Não informado,Não informado,Único,21 kg,Não informado,Não aplicável,Bicicleta Verden Balance Safari Baby
226,26,rosa,MARIA CLARA BIKES,17,feminina,vime,aço,Não informado,aero parede dupla,6,Não informado,cestinha,Não informado,Não informado,Não informado,Não informado,único,135,Não informado,V-BRAKE,Bicicleta feminina aro 26 cestinha tipo vime 6 marchas rosa
227,29,Não informado,KSW,Não informado,Não informado,Não informado,Alumínio,XLT,29,24,80mm de Cursor,Não informado,Não informado,Não informado,Não informado,Não informado,Não informado,Não informado,Não informado,Disco,Bicicleta Aro 29 KSW XLT 24V Cambios Shimano Freio a Disco
228,29,Preto e Rosa,X-PROBIKE,Não informado,Não informado,Não informado,alumínio 6061,Não informado,29,21,mecânica,Não informado,Não informado,Não informado,Não informado,MTB,Não informado,Não informado,Não informado,a Disco,Bicicleta Aro 29 Freio a Disco 21v Preto e Rosa X-PROBIKE
229,12,Não informado,StyllBaby,Não informado,Infantil,Bicicleta,Aço carbono,Não informado,Não informado,Não informado,Não informado,"Manoplas e manetes anatômicos, cobre corrente com fechamento completo, rodas, para-lamas protetores, selim de plástico resistente, pneus sem câmara, rodinhas auxiliares em EVA",Não informado,Não informado,Não informado,Não informado,Não informado,Não informado,Certificado pelo INMETRO,Não informado,Bicicleta StyllBaby Infantil Aro 12
230,29,Grafite,Ksw,Não informado,Não informado,Mountain Bike,Alumínio,Xlt,Não informado,24,Suspensão,Não informado,Não informado,Não informado,Não informado,Não informado,Não informado,Não informado,Não informado,A Disco,Bicicleta Aro 29 Ksw Xlt 24v Freio A Disco Suspensão Mountain Bike Alumínio - Grafite
231,29,Não informado,Não informado,15,Não informado,Não informado,Alumínio,Cripto,Não informado,24,Curso de 100mm com trava,Não informado,Não informado,Não informado,Não informado,Urbana e Trilhas Leves,Não informado,Não informado,Não informado,Hidráulico a Disco,Bicicleta Aro 29 Cripto 24v Shimano Fr. Hidraulico/Trava/K7
232,26,Amarelo Neon,Colli Bike,18,Não informado,Mountain Bike,Aço Carbono,GPS,Aero Preto 36 Furos,21,Dupla,Não informado,Não informado,Não informado,Não informado,Não informado,Não informado,100 Kg,Não informado,V-Brake,Bicicleta GPS Aro 26 Aço 21 Marchas Dupla Suspensão Freio V-Brake Amarelo Neon - Colli Bike
233,29,Não informado,KOG,Não informado,Não informado,MTB,Alumínio,Não informado,29,12,Trava no Ombro,Cabeamento Interno,Não informado,Não informado,Não informado,Urbano,Não informado,Não informado,Não informado,Hidráulico,Bicicleta Aro 29 MTB KOG 12V Freios Hidráulicos e Trava
234,29,Não informado,KSW,Não informado,Não informado,MTB,Alumínio,XLT 2020,29,24,80mm de Cursor,Não informado,Não informado,Não informado,Não informado,Não informado,Não informado,Não informado,Não informado,Hidráulico,Bicicleta Aluminio Aro 29 KSW 24 Marchas Freio Hidráulico
235,20,Não informado,Pro-X,Não informado,Não informado,BMX,Aço,Série 1,20,Não informado,Não informado,Não informado,Não informado,Não informado,Não informado,"Dirt Jump, Freestyle, Miniramp, Vertical, Flatland",Não informado,Não informado,Não informado,V-Brake,Bicicleta pro x bmx serie 1 freio v-brake aro 20
236,29,Não informado,GT,Não informado,Não informado,Não informado,Alumínio,Sprint MX7,29,27,Não informado,Não informado,Não informado,Não informado,Não informado,Não informado,Não informado,Não informado,Não informado,Disco,Bicicleta 29 GT Sprint 27 Marchas index Modelo MX7 Freio a Disco Quadro Alumínio
237,29,Não informado,KSW,15 17 19 e 21,Não informado,MTB,Alumínio,XLT,29,24,Dianteira,Não informado,Não informado,Não informado,Não informado,Não informado,Não informado,Não informado,Não informado,Disco,Bicicleta 29 KSW XLT 24 Marchas Freio a Disco Alumínio MTB Suspensão Dianteira 32r
238,29,Cinza e Verde,TSW,155,Não informado,mtb,Alumínio,Hunch Plus,29,24,Dianteira,Trava Remota,Não informado,Não informado,Não informado,MTB,Não informado,120 kg,Não informado,Disco Hidráulico,Bicicleta mtb tsw hunch plus 27v tam 15.5 flamingo
239,20,Verde Água,Nathor,Não informado,Feminino,Infantil,Aço carbono,Antonella,Não informado,Não informado,Não informado,"Mesa Head-Set, Aro em alumínio, Maçaneta com ajuste do freio, Movimento central avançado, Pezinho de descanso exclusivo, Pneus com câmaras, Freios V-brake, Paralamas, Cestinha",Não informado,Não informado,Não informado,Não informado,Não informado,55kg,Capacete Infantil com Regulagem Rosa Nathor,V-brake,Bicicleta Feminina Aro 20 Antonella Verde Água com Capacete
240,29,Grafite,Absolute,Não informado,Não informado,Não informado,Alumínio,Nero 4,29,21,Suspensão,"Cabos Internos, Garfo Suspensão, Freio a Disco",Não informado,Não informado,Não informado,Não informado,Não informado,Não informado,Não informado,Disco,Bicicleta Aro 29 Absolute Nero 4 Alumínio Cabos Internos 21v Freio a Disco Garfo Suspensão - Grafite
241,29,Não informado,KSW,Não informado,Não informado,MTB,Alumínio,Não informado,29,24,80mm,Não informado,Não informado,Não informado,Não informado,Não informado,Não informado,Não informado,Não informado,Disco Mecânico,Bicicleta MTB Aro 29 KSW 24V Freio a Disco Cubo Cassete 8V
242,29,Não informado,KOG,Não informado,Não informado,MTB,Alumínio,Não informado,29,12,100mm Trava no Ombro,Cabeamento Interno,Não informado,Não informado,Não informado,Urbano,Não informado,Não informado,Não informado,Hidráulico,Bicicleta Aro 29 MTB KOG 12V Freios Hidráulicos e Trava
243,29,Não informado,KOG,Não informado,Não informado,Mountain Bike,Alumínio,Não informado,29,24,80mm de Cursor,Não informado,Não informado,Não informado,Não informado,Urbano,Não informado,Não informado,Não informado,Disco Hidráulico,Bicicleta Aro 29 KOG 24 Marcha Freio Disco Hidráulico
244,12,Não informado,Nathor,Não informado,Feminino,Infantil,Aço carbono,Gatinha,Não informado,Não informado,Não informado,"Cestinha, Garrafinha, Limitador de giro do guidão, Freio a tambor, Regulagem de ângulo do guidão e da altura do selim, Pneus em EVA, Selim em PU, Mesa de direção em nylon reforçado",Não informado,Não informado,Não informado,Não informado,Não informado,21kg,Não informado,Tambor,Bicicleta Aro 12 Gatinha Com Cestinha E Garrafinha - Nathor
245,29,PretoVermelho,Absolute,4,Não informado,Não informado,Alumínio,Nero 4,29,18,Com Trava,Cabeamento Interno,Não informado,Não informado,Não informado,Não informado,Não informado,Não informado,Não informado,Hidráulicos,Bicicleta Aro 29 Absolute Nero 4 2x9 Freios Hidráulicos Garfo Com Trava Cabeamento Interno 18v Alumínio - Preto/Vermelho
246,29,Não informado,Ksw,Não informado,Não informado,Não informado,ALUMÍNIO,Não informado,29,8v,Não informado,Não informado,Não informado,Não informado,Não informado,Não informado,Não informado,Não informado,Não informado,HIDRAULICO,Bicicleta Aro 29 Ksw 24v Câmbios Shimano E Freio Hidráulico
247,26,Não informado,Tito,Não informado,Não informado,Mountain Bike,Não informado,Mission,Não informado,Não informado,Não informado,Não informado,Não informado,Não informado,Não informado,Não informado,Não informado,Não informado,Não informado,Não informado,Bicicleta Tito Mission Mountain Bike Aro 26
248,29,Não informado,Athor,17,Não informado,Não informado,Alumínio,Rider,29,24,29 ATR 80mm com trava no ombro,Não informado,Não informado,Não informado,Não informado,Não informado,Não informado,Não informado,Não informado,Hidráulico,Bicicleta Athor Rider Aro 29 Shimano Altus 24V Freio Hidráulico Tam.17
249,29,Preto,Ksw,Não informado,Não informado,Não informado,Aluminio,Xlt,Não informado,21,Não informado,Não informado,Não informado,Não informado,Não informado,Não informado,Não informado,Não informado,Não informado,A disco mecânico,Bicicleta Ksw Xlt Aro 29 21 Vel. Preto Mcz8
250,29,Não informado,KSW,Não informado,Não informado,MTB,Alumínio,24V,29,24,Com Trava no Guidão,Freios a Disco Hidráulico,Não informado,Não informado,Não informado,Não informado,Não informado,Não informado,Não informado,Disco Hidráulico,Bike 29 MTB KSW 24V 3x8 Shimano Acera Trava no Guidão K7
251,29,PretoPrata,Ksw,Não informado,Não informado,Não informado,Alumínio,Xlt,29,24,Trava,Rapid Fire,Não informado,Não informado,Não informado,Não informado,Não informado,Não informado,Não informado,Hidráulico,Bicicleta Aro 29 Ksw Xlt 24v K7 Câmbios Shimano Freio Hidráulico Garfo com Trava Pneu Faixa Bege - Preto/Prata
252,29,Rosa,Raider,19,Não informado,MTB,Alumínio,Z3X-PRO,Não informado,27,Suspensão,Não informado,Não informado,Não informado,Não informado,Não informado,Não informado,130 Kg,Não informado,Hidráulico,Bicicleta Aro 29 MTB Z3X-PRO Quadro 19 Alumínio 27V Shimano Freio Hidráulico Rosa - Raider
253,29,Não informado,Dropp,15,Não informado,Mountain Bike,Alumínio,Aluminium Altus,Não informado,27,Suspensão Preto 80 mm,Não informado,Não informado,Não informado,Não informado,Mountain Bike,Não informado,130 Kg,Não informado,Freio a disco hidráulico 160 mm preto,Bicicleta Quadro 15 Aro 29 Alumínio Altus 27 Marchas Freio a Disco Hidráulico - Dropp
254,29,PretoBranco,Drais,Não informado,Não informado,Não informado,alumínio,Aluminum,29,24,Não informado,Não informado,Não informado,Não informado,Não informado,Não informado,Não informado,Não informado,Não informado,Disco,"Bicicleta Drais Aro 29 24V Câmbios Shimano Freio a Disco 17"" Preto/Branco - 303"
255,29,Branco,Absolute,4,Não informado,Não informado,Alumínio,Nero 4,Não informado,12,Com trava no ombro,Freios Hidráulicos,Não informado,Não informado,Não informado,Não informado,Não informado,Não informado,Kit 1x12,Hidráulicos,Bicicleta Aro 29 Absolute Nero 4 12v Garfo com Trava K7 11/50 Freios Hidráulicos Kit 1x12 Pneu com Faixa Bege - Branco
256,26,Verde,Vikingx,Não informado,Não informado,Não informado,Alumínio,Tuff,Vmaxx,21,60mm,Freio Hidráulico a Disco,Não informado,Não informado,Não informado,Não informado,Não informado,Não informado,Aros Pretos,Hidráulico a Disco,Bicicleta Aro 26 Vikingx Tuff Verde 21v Alumínio Freio Hidráulico a Disco Aros Vmaxx Pretos
257,29,Não informado,DRAIS,Não informado,Não informado,MTB,ALUMÍNIO 6061,ALUMINUM,29,21v,Aro 29 PRETO 80MM,Não informado,Não informado,Não informado,Não informado,Não informado,Não informado,Não informado,Não informado,a disco Hidráulico,Bicicleta 29 Drais 21v Câmbio Shimano Freio a disco Hidráulico MTB  Aluminio 32r
258,26,Não informado,ELLOBIKE,Não informado,Não informado,Free Ride,Alumínio,Extreme,Não informado,21,80mm,Não informado,Não informado,Não informado,Não informado,Não informado,Não informado,Não informado,Não informado,Disco,Bicicleta Extreme Free Ride Aro 26 com 21 Marchas
259,Não informado,Não informado,Não informado,Não informado,Menina,Skate,Não informado,Infantil,Não informado,Não informado,Não informado,Kit de proteção,Não informado,Não informado,Não informado,Street,Não informado,50kg,Montado,Não informado,Skate Infantil com Kit de Proteção - Até 13 Anos
260,20,Amarela,CALOI,Não informado,Meninos,Não informado,Aço,Snap,Não informado,7,Não informado,Não informado,Não informado,Não informado,Não informado,Não informado,Não informado,Não informado,Não informado,V-Brake,Bicicleta CALOI Snap Aro 20 7 Velocidades Amarela
261,29,Não informado,KSW,Não informado,Não informado,Não informado,Alumínio,XLT,Não informado,21,80mm,Não informado,Não informado,Não informado,Não informado,Não informado,Não informado,Não informado,Não informado,a Disco,Bicicleta 29 Ksw Xlt Aluminio 21v Freio a Disco
262,29,Não informado,Ksw,Não informado,Não informado,Não informado,Alumínio,Não informado,Não informado,8,Cursor,Não informado,Não informado,Não informado,Não informado,MTB,Não informado,Não informado,Não informado,Hidráulico,"Bicicleta Aro 29 Ksw 24v Shimano Acera, Freio Hidraulico/k7"
263,29,PretoAzul,Ksw,Não informado,Não informado,Não informado,alumínio,Xlt,Não informado,24,com trava,Não informado,Não informado,Não informado,Não informado,Não informado,Não informado,Não informado,Não informado,a Disco Hidráulico,Bicicleta aro 29 Ksw Xlt Shimano Altus 24V Freio a Disco Hidráulico Garfo com Trava - Preto/Azul
264,29,Não informado,KSW,Não informado,Não informado,MTB,Alumínio,XLT,29,21,80mm,Não informado,Não informado,Não informado,Não informado,Não informado,Não informado,Não informado,Não informado,Disco,Bicicleta aro 29 KSW XLT 21 Marcha Shimano Freio a Disco
265,29,Não informado,AVANCE,Não informado,Não informado,Não informado,ALUMÍNIO 6061,INCEPTION,29,24,Over Preto c 80mm SEM TRAVA,Não informado,Não informado,Não informado,Não informado,Não informado,Não informado,Não informado,Não informado,Disco 160mm MECÂNICOA CABO,Bicicleta Aro 29 Avance 24v Câmbios Importados Mecânico
266,14,Não informado,Bandeirante,Não informado,Feminino,Infantil,Não informado,Lol,Não informado,Não informado,Não informado,"guidão com limitador de giro e regulagem de altura, cestinha removível, selim anatômico com regulagem de altura, pedivela de fácil manutenção, freio dianteiro à tambor, pneus em EVA, cobre corrente integral, rodinhas laterais",Não informado,Não informado,Lol,Não informado,Não informado,27 Kg,Não informado,Tambor,Bicicleta infantil aro 14 lol bandeirante ref: 3302
267,26,PretoVioleta,Rava,155,Não informado,Não informado,Alumínio,Land,26,21V,Suspensão,Não informado,Não informado,Não informado,Não informado,Ciclismo,Não informado,Não informado,Não informado,V-Brake,Bicicleta Rava Land 21V Quadro 15.5
268,29,Não informado,KSW,Não informado,Não informado,Não informado,Alumínio,XLT 12v,29,12,100mm,Não informado,Não informado,Não informado,Não informado,Não informado,Não informado,Não informado,Toda Absolute,Hidráulico,Bicicleta Aro 29 KSW XLT 12v Freio Hidráulico Toda Absolute
269,29,Não informado,KRW,Não informado,Não informado,Não informado,Alumínio,R7,29,27,mecânica,Não informado,Não informado,Não informado,Não informado,Não informado,Não informado,Não informado,Não informado,Disco Hidráulico,Bicicleta Aro 29 KRW Alumínio 27 Vel Freio a Disco Hidráulico R7
270,16,Não informado,Cairu,Não informado,Masculino,Não informado,Alumínio,Racer Kids,Não informado,Não informado,Não informado,"Cestinha, Buzina, Paralamas, Selim personalizado, Freio V-Break, Guidão em aço carbono, Kit de segurança, Protetor de coroa para segurança, Rodinhas laterais para apoio",Não informado,Não informado,Não informado,Não informado,Não informado,Não informado,Não informado,V-Break,Bicicleta Masculina Aro 16 Freio V-Break Racer Kids Cairu
271,29,PretoVermelho,Drais,Não informado,Não informado,Não informado,alumínio,Aluminum,29,27,Com Trava,Não informado,Não informado,Não informado,Não informado,Não informado,Não informado,Não informado,Não informado,disco,"Bicicleta Drais 27 Marchas Aro 29 Suspensão Com Trava 21"" Preto/Vermelho - 279"
272,29,Não informado,KSW,Não informado,Não informado,Não informado,Alumínio,XLT 2020,29,24,80mm de Cursor,Não informado,Não informado,Não informado,Não informado,Não informado,Não informado,Não informado,Não informado,Hidráulico,Bicicleta Aro 29 KSW XLT 2020 24v Hidráulico
273,29,PretoRosa,Gta,Não informado,Não informado,Não informado,Alumínio,Nx11,Não informado,12,Mecânica,Trava no ombro,Não informado,Não informado,Não informado,Não informado,Não informado,Não informado,Faixa Bege,Hidráulicos,Bicicleta Aro 29 Gta 12v Kit 1x12 Alumínio Freios Hidráulicos K7 11/50d Garfo Com Trava Pneu com Faixa Bege - Preto/Rosa
274,29,Nero,Absolute,4,Não informado,Não informado,Alumínio,KSW XLT 27V,29,27,Trava no Guidão,Não informado,Não informado,Não informado,Não informado,"Urbano, Trilhas Leves e Medianas",Não informado,Não informado,Hidráulico,Disco Hidráulico,Bicicleta 29 Absolute Nero 4 2x9V Hidraulico Trava no Guidão
275,29,PretoVerde,Ksw,Não informado,Não informado,Não informado,Alumínio,Xlt,Não informado,24,Com Trava,"Câmbios Shimano Altus, Freios Hidráulicos, Garfo Com Trava",Não informado,Não informado,Não informado,Não informado,Não informado,Não informado,Não informado,Hidráulicos,Bicicleta Aro 29 Ksw Xlt Câmbios Shimano Altus 24v K7 Alumínio Freios Hidráulicos Garfo Com Trava - Preto/Verde
276,Não informado,azul,Buba,Não informado,Unissex,Equilíbrio,EVA,Não informado,Não informado,Não informado,Não informado,4 Rodas,Não informado,Não informado,Não informado,Não informado,Não informado,Não informado,Não informado,Não informado,Bicicleta de Equilíbrio Infantil sem Pedal Buba
277,29,Não informado,KSW,Não informado,Não informado,MTB,Alumínio,XLT100,29,27,100mm de Curso com Trava no Ombro,Não informado,Não informado,Não informado,Não informado,Não informado,Não informado,Não informado,Não informado,Hidráulico,Bike Aro 29 KSW XLT100 27 Marcha Shimano Altus F. Hidráulico
278,16,Não informado,Athor,Não informado,Feminina,Infantil,Aço carbono,Baby Lux Princess,Não informado,Não informado,Não informado,Rodinha lateral,Não informado,Não informado,Princess,Não informado,Não informado,Não informado,Não informado,V-Brake,Bicicleta Infantil Aro 16 Athor Baby Lux Princess Feminina
279,29,Não informado,Ksw,Não informado,Não informado,Não informado,Alumínio,Xlt,Não informado,21,80mm,Não informado,Não informado,Não informado,Não informado,Não informado,Não informado,Não informado,Não informado,Disco,Bicicleta 29 Ksw Xlt Aluminio 21v Freio a Disco
280,29,Não informado,Tridal Bike,17,Não informado,Mountain Bike,Aço Carbono,Evolution,Não informado,21,Não informado,Não informado,Não informado,Não informado,Não informado,Não informado,Não informado,100 Kg,Não informado,V-brake,Bicicleta Tridal Evolution Mountain Bike Aro 29 36 Raios Freios V-brake
281,29,Não informado,KSW,Não informado,Não informado,MTB,alumínio 6061,Xlt,29,27,suspensão com trava no ombro,Não informado,Não informado,Não informado,Não informado,passeios,Não informado,Não informado,Não informado,Hidráulico,Bicicleta Aro 29 Ksw Xlt Shimano Alivio 27v Freio Hidráulico
282,29,PretoVermelhoLaranja,Ksw,Não informado,Não informado,Não informado,Alumínio,Xlt,Não informado,27,Com Trava,Não informado,Não informado,Não informado,Não informado,Não informado,Não informado,Não informado,Não informado,Hidráulicos,Bicicleta Aro 29 Ksw Xlt 27v Câmbios Shimano Altus Freios Hidráulicos Garfo Com Trava Pneu Bege - Preto/Vermelho/Laranja
283,12,Rosa,Styll Baby,Não informado,Não informado,Infantil,Aço carbono,BIK-03010-99,Não informado,Não informado,Não informado,"Manoplas e manete anatômicos, Pneus em EVA, Rodinhas auxiliares laterais, Compartimento cobre corrente em plástico",Não informado,Não informado,Bubu E As Corujinhas,Não informado,Não informado,Não informado,Não informado,Não informado,Bicicleta Aro 12 Bubu E As Corujinhas - Styll Baby
284,29,Não informado,KSW,Não informado,Não informado,MTB,Alumínio,XLT,29,24,80mm,Não informado,Não informado,Não informado,Não informado,Não informado,Não informado,Não informado,Não informado,Hidráulico,Bicicleta aro 29 KSW XLT 24 Marcha Shimano Freio Hidráulico
285,29,Não informado,Rower,Não informado,Não informado,Não informado,Aluminio,Xlite,Não informado,21,Curso 100x32mm,Não informado,Não informado,Não informado,Não informado,Não informado,Não informado,Não informado,Não informado,Disco mecânico,Bicicleta aro 29 Rower Xlite 21v Freio a Disco Mcz19
286,16,Rosa,Caloi,Não informado,Feminino,Infantil,Aço,Barbie,Não informado,1,Não informado,Não informado,Não informado,Não informado,Barbie,Não informado,Não informado,25 Kg,Não informado,Cantilever,"Bicicleta Caloi Barbie, Aro 16, Rosa"
287,12,Não informado,Nathor,Não informado,Menina,Balance,Aço Carbono,Love Equilíbrio,Não informado,Não informado,Não informado,Limitador de giro do guidão,Não informado,Não informado,Não informado,Não informado,Não informado,21 kg,Não informado,Não informado,Bicicleta infantil Menina Balance Love Equilíbrio sem Pedal - Nathor
288,29,Não informado,Ksw,Não informado,Não informado,MTB,Alumínio,GTA RX,29,12,Cursor de 100mm com trava no GUIDÃO,Não informado,Não informado,Não informado,Não informado,Trilha,Não informado,Não informado,Não informado,Hidráulico a Disco,Bicicleta Aro 29 Ksw 1x12v GTA RX Hidraulica C/Trava Guidão
289,20,Bicolor,Ultra Bikes,11,Não informado,Não informado,aço carbono,Rebaixada,Não informado,Não informado,rígida,Adesivos em alto brilho,Não informado,Não informado,Não informado,Não informado,Não informado,Não informado,Não informado,V-Brake,Bicicleta Ultra Bikes Aro 20 Rebaixada Bicolor Freio V Brake
290,12,Não informado,Styll,Não informado,Feminino,Infantil,Aço carbono,Patati Patatá,Não informado,Não informado,Não informado,"Rodas para-lamas, rodinhas laterais auxiliares, cadeirinha de boneca no guidão, mesa de direção em nylon reforçado",Não informado,Não informado,Patati Patatá,Não informado,Não informado,22Kg,Não informado,Tambor,Bicicleta Infantil Patati Patatá Aro 12 3 a 5 Anos Styll
291,29,PretoRosa,Ksw,Não informado,Feminina,Mtb,alumínio,Mwza,Não informado,24,Garfo Suspensão,Freios Hidráulicos,Não informado,Não informado,Não informado,Não informado,Não informado,Não informado,Não informado,a disco hidráulico,Bicicleta Feminina Aro 29 Ksw Mwza 24v Freios Hidráulicos Garfo Suspensão Mtb - Preto/Rosa
292,29,Não informado,Alfameq,Não informado,Não informado,MTB,Alumínio,ATX Altus 24V,29,24,Com trava no ombro,Freio Hidráulico e K7,Não informado,Não informado,Não informado,Não informado,Não informado,Não informado,Não informado,Disco Hidráulico,Bicicleta Aro 29 Alfameq ATX Altus 24V Freio Hidráulico e K7
293,29,Não informado,Absolute,Não informado,Não informado,MTB,Alumínio,Nero 3,29,24,80mm de Cursor,Não informado,Não informado,Não informado,Não informado,Não informado,Não informado,Não informado,Não informado,Hidráulico,Bicicleta MTB Aro 29 Absolute Nero 24 Marcha Freio a Óleo
294,700,Não informado,Sense,"S (49), M (52), L (55), XL (58)",Unissex,Gravel,Alumínio,Versa Evo,Não informado,20,Suspensão dianteira,"Quadro em alumínio 6061 T4T6 hidroformado de dupla espessura com geometria Gravel, cabeamento interno e caixa cônica, garfo em fibra de carbono, eixos passantes de 12mm, grupo GRX 210 V, freios a disco de acionamento hidráulico no padrão flat mount, canote Sentec com amortecimento, pneus Schwalbe G-ONE 700x40c, bolsas de quadro e guidão.",Não informado,Não informado,Não informado,Ciclismo Gravel,"S (49), M (52), L (55), XL (58)",Não informado,Não informado,Disco Hidráulico,Bicicleta Gravel Sense Versa Evo 2023 Shimano Grx 2x10v
295,29,Não informado,Ksw,Não informado,Não informado,Não informado,Alumínio,Não informado,29,21,Cursor,Trava,Não informado,Não informado,Não informado,Urbano,Não informado,Não informado,Não informado,Disco,Bicicleta Aro 29 Ksw 21 Marchas Freios a Disco e Trava
296,26,Preto,Teccity,19,Não informado,Elétrica,aço ao carbono,10Ah Motor Dianteiro 350W,26,18,Não informado,Não informado,bateria de lítio,350w,Não informado,urbano,Não informado,120 kg,Não informado,v Brake,Bicicleta Elétrica Teccity 10Ah Motor Dianteiro 350W - Preto
297,29,Não informado,DROPP,"15, 17, 19, 21",Não informado,Não informado,ALUMÍNIO 6061,SW 12V,29,12V,com Trava,Não informado,Não informado,Não informado,Não informado,Não informado,Não informado,Não informado,Não informado,HIDRÁULICO,Bicicleta Dropp SW 12V Aro 29 Freio Hidráulico Suspensão com Trava
298,29,Não informado,KSW,Não informado,Não informado,MTB,Alumínio,XLT,29,12,Com Trava,Freios Hidráulico,Não informado,Não informado,Não informado,Não informado,Não informado,Não informado,Não informado,Hidráulico,Bicicleta Aro 29 KSW XLT 12V Freios Hidráulico Susp C/ Trava
299,29,Não informado,Oggi,155,Não informado,Mtb,Não informado,Bw 73,Não informado,Não informado,Não informado,Não informado,Não informado,Não informado,Não informado,Não informado,Não informado,Não informado,Não informado,Disco,Bicicleta Mtb Aro 29 Oggi B.w. 7.3 Tam 15.5  Freio Disco
300,29,Não informado,GTS,Não informado,Não informado,Elétrica,Alumínio,GTS M1 I-VTEC Beach Caiçara,29,Não informado,Rígido,Pedal assistido,Bateria,350W,Não informado,Urbano,Não informado,100 kg,Não informado,Disco Hidráulico,Bicicleta Elétrica GTS aro 29 Freio a disco Hidráulico 350W Bateria 10Ah / GTS M1 I-VTEC Beach Caiçara 350W
301,29,Não informado,KSW,Não informado,Não informado,MTB,Alumínio,XLT 100,29,21,Dianteira,"Engate rápido, Trocadores Ez-Fire Alavanca, Freio a Disco Mecânico",Não informado,Não informado,Não informado,Passeio e Trilhas Leves,Não informado,Não informado,Não informado,Disco,Bicicleta Aro 29 Ksw Alumínio 21v Alavanca V-Fire Freios a Disco e Suspensão
302,29,Não informado,KSW,19,Não informado,Mountain Bike,Alumínio,XLT 20,Não informado,27,Suspensão Preto 100 mm com trava no ombro,Não informado,Não informado,Não informado,Não informado,Mountain Bike,Não informado,130 Kg,Não informado,Freio a disco hidráulico 160 Shimano Acera M3050,Bicicleta Quadro 19 Aro 29 Alumínio 27v Freio Disco Hidráulico XLT 2.0 - KSW
303,29,Não informado,GTS,15,Unissex,Não informado,alumínio,Feel RDX,29,21,Não informado,Não informado,Não informado,Não informado,Não informado,Não informado,Não informado,Não informado,Não informado,a disco,Bicicleta aro 29 gts feel rdx freio a disco 21 marchas shimano
304,29,Não informado,KSW,Não informado,Não informado,MTB,Alumínio,XLT,29,27,100mm,Não informado,Não informado,Não informado,Não informado,Não informado,Não informado,Não informado,Não informado,Hidráulico,Bicicleta Aro 29 KSW XLT 27V Shimano Alivio Freio Hidráulico
305,26,Preto,Caloi,17,Não informado,Não informado,Alumínio,Rouge,Não informado,21,Susp Dianteira,Não informado,Não informado,Não informado,Não informado,Lazer,Não informado,Não informado,Não informado,V-brake,Bicicleta Mobilidade Caloi Rouge Aro 26 - Susp Dianteira - Quadro Alumínio - 21 Velocidades - Preto
306,20,Preto e Laranja,Nathor,Não informado,Infantil,Não informado,Aço carbono,Apollo,Não informado,Não informado,Não informado,"Movimento central deslocado, Freios V-Brake, Maçaneta em alumínio, Pezinho de descanso exclusivo, Protetor de corrente, Pneus com câmara",Não informado,Não informado,Não informado,Não informado,Não informado,70 kg,Altura máxima recomendada: 120 - 150 cm,V-Brake,Bicicleta Infantil Aro 20 - Apollo - Preto e Laranja - Nathor
307,16,Preto,Mymax,Não informado,Não informado,Eletrica,Alumínio,Myway 40,16,Não informado,Não informado,Não informado,Não informado,250W,Não informado,Não informado,Não informado,120 kg,Dobrável,Disco,Bicicleta Eletrica Ebike Myway 4.0 Aro 16 45km Aut Preto
308,12,rosa e lilas,verden,Não informado,Não informado,Não informado,aço carbono,Não informado,Não informado,Não informado,Não informado,protetor de corrente e paralamas,Não informado,Não informado,Não informado,Não informado,Não informado,25kg,Não informado,nylon com manetes anatômicos,Bicicleta aro 12 paty rosa e  lilas verden
309,29,PretoVermelho,Absolute,Nero 4,Não informado,Não informado,Alumínio 6061,Não informado,Não informado,27,Trava e Regulagem,"Cabeamento Interno, Rapid Fire, K7, Freio Hidráulico",Não informado,Não informado,Não informado,Não informado,Não informado,Não informado,Não informado,Hidráulico,Bicicleta Aro 29 Absolute Nero 4 Cabeamento Interno 27v Freio Hidráulico K7 Garfo com Trava - Preto/Vermelho
310,29,Não informado,KSW,Não informado,Não informado,MTB,Alumínio,XLT100,29,27,100mm de Curso com Trava no Ombro,Não informado,Não informado,Não informado,Não informado,Não informado,Não informado,Não informado,Não informado,Disco Hidráulico,Bike Aro 29 KSW XLT100 27 Marcha Shimano Altus F. Hidráulico
311,12,pretoverde,Nathor,Não informado,infantil,urbana,aço carbono,Black,Não informado,Não informado,Não informado,"rodas de treinamento, guarda-lamas, bagageiro",Não informado,Não informado,Não informado,Não informado,Não informado,Não informado,Não informado,tambor,Bicicleta urbana infantil Nathor Black 12 freios tambor cor preto/verde com rodas de treinamento
312,16,Vermelho,Athor Bikes,Não informado,Masculino,Bmx,Aço carbono,Atx C,Não informado,Não informado,Não informado,"Guidão cross, protetor de corrente, rodas laterais, rodas raiadas",Não informado,Não informado,Não informado,Não informado,Não informado,Não informado,"Roda lateral, cobre corrente",V-Brake,Bicicleta Infantil Aro 16 Bmx Athor Atx C/ Rodinha Vermelho - Athor Bikes
313,29,PretoVerde,Ksw,Não informado,Não informado,Não informado,Alumínio,Xlt,Não informado,21,Não informado,Não informado,Não informado,Não informado,Não informado,Não informado,Não informado,Não informado,Não informado,Disco,"Bicicleta 21 Marchas Ksw Xlt Alumínio Aro 29 32r 15"" Preto/Verde - 243"
314,29,Não informado,Não informado,Não informado,Não informado,Não informado,Alumínio 6061,Cripto,Não informado,27,Cursor de 100mm com trava,Não informado,Não informado,Não informado,Não informado,Urbana e Trilhas,Não informado,Não informado,TravaK7,Hidráulico a Disco de 160mm,Bicicleta Aro 29 Cripto 27 Marchas Freio Hidráulico Trava/K7
315,29,CinzaPreto,Ksw,17,Não informado,Não informado,Alumínio,Xlt,29,24,Não informado,Não informado,Não informado,Não informado,Não informado,Não informado,Não informado,Não informado,Não informado,Disco,"Bicicleta 29 Ksw Xlt Freio a Disco 24 Marchas Alumínio 17"" Cinza/Preto - 233"
316,29,Não informado,KSW,Não informado,Não informado,MTB,Alumínio,XLT,29,27,100mm com Trava no Ombro,Freio Hidráulico,Não informado,Não informado,Não informado,Não informado,Não informado,Não informado,Não informado,Disco Hidráulico,Bicicleta aro 29 KSW XLT 27V Shimano Freio Hidráulico Trava
317,29,Não informado,KSW,Não informado,Não informado,Não informado,ALUMÍNIO 6061,XLT,29,21,Não informado,Não informado,Não informado,Não informado,Não informado,Não informado,Não informado,Não informado,Não informado,Disco HIDRÁULICO,Bicicleta 21v Ksw XLT 29 Câmbios Shimano  Freio a Disco HIDRÁULICO 32r
318,29,Não informado,Krw,Não informado,Não informado,MountainBike,Alumínio,S1,29,24,Suspensão dianteira,Não informado,Não informado,Não informado,Não informado,Não informado,Não informado,Não informado,Não informado,a Disco,Bicicleta Aro 29 Krw Alumínio 24 Velocidades Freio a Disco Suspensão dianteira MountainBike S1
319,29,Não informado,gts,17,Não informado,Não informado,alumínio,Não informado,Não informado,24,gts,Não informado,Não informado,Não informado,Não informado,Não informado,Não informado,Não informado,Não informado,a disco,Bicicleta aro 29 gts  24 marchas freios a disco câmbios Shimano /gts
320,29,Não informado,Absolute,Não informado,Não informado,MTB,Alumínio,Hera,29,12,Sem Trava,Não informado,Não informado,Não informado,Não informado,Não informado,Não informado,Não informado,K7 e Trava,Disco Hidráulico,Bicicleta Absolute Hera MTB 12 Velocidades K7 e Trava
321,29,Não informado,GTA,Não informado,Não informado,MTB,Alumínio,NX11,29,8v,80mm de Cursor,Não informado,Não informado,Não informado,Não informado,Não informado,Não informado,Não informado,Não informado,Hidráulico,Bicicleta MTB Aro 29 GTA NX11 24V Shimano Altus Hidráulico
322,29,Branco,Absolute,Não informado,Feminina,Não informado,Alumínio,Hera,Não informado,24,Suspensão,"Câmbios Shimano, Garfo Suspensão",Não informado,Não informado,Não informado,Não informado,Não informado,Não informado,Não informado,Disco Mecânico,Bicicleta Aro 29 Absolute Hera Feminina Alumínio 24v Câmbios Shimano Garfo Suspensão - Branco
323,12,VioletaBranco,Caloi,Não informado,Menina,Infantil,Aço Carbono,Cecizinha,Não informado,Não informado,Não informado,"Limitador de giro, regulagem de ângulo do guidão, regulagem de altura do selim, movimento central avançado",Não informado,Não informado,Não informado,Não informado,Não informado,21 kg,Rodinha,Não informado,Bicicleta Infantil Menina Aro 12 Cecizinha Caloi Rodinha
324,29,Não informado,KSW,Não informado,Não informado,MTB,Alumínio,XLT,29,21,80mm,Não informado,Não informado,Não informado,Não informado,Não informado,Não informado,Não informado,Relação Shimano Completo,Disco,Bike Aro 29 MTB KSW 21V Relação Shimano Completo Freio Disco
325,29,Grafite Preto,Dropp,15,Não informado,MTB,Alumínio 6061 AMS,SX Ride,Não informado,21,Suspensão de 100mm sem Travabr,Não informado,Não informado,Não informado,Não informado,Não informado,Não informado,110 kg,Não informado,Disco Mecânico 160mm,Bicicleta MTB SX Ride Aro 29 Quadro 15 com 21 Marchas Freio Mecânico Grafite Preto - Dropp
326,29,Não informado,KSW,Não informado,Não informado,MTB,Alumínio,XLT Altus 24v,29,24,100mm de Cursor com trava no ombro,Trava,Não informado,Não informado,Não informado,Não informado,Não informado,Não informado,Não informado,Disco Hidráulico,Bicicleta Aro 29 KSW XLT Altus 24v e Trava
327,29,PretoVermelhoLaranja,Ksw,Não informado,Não informado,Não informado,Alumínio,Xlt,29,27,Suspensão,Rapid Fire,Não informado,Não informado,Não informado,Não informado,Não informado,Não informado,Não informado,Disco Mecânico,Bicicleta Aro 29 Ksw Xlt Alumínio 27v Freio a Disco Mecânico Garfo com Suspensão - Preto/Vermelho/Laranja
328,29,Não informado,KSW,Não informado,Não informado,Mountain Bike,alumínio,XLT,29,21,29 Over em Aço Preto Importadobr,Não informado,Não informado,Não informado,Não informado,Mountain Bike,Não informado,Não informado,Não informado,Disco Mecânico,Bicicleta Aro 29 Ksw 21 Velocidade Freio a Disco
329,26,Vermelha,Cairu,Não informado,Não informado,Cargueira,Não informado,Carga Pesada,26,Não informado,Não informado,Não informado,Não informado,Não informado,Não informado,Não informado,Não informado,160 kg,Não informado,Não informado,Bicicleta Cargueira Aro 26 Cairu Carga Pesada Vermelha
330,29,Não informado,KOG,Não informado,Feminina,Mountain Bike,Alumínio,Não informado,29,21,80mm de Cursor,Não informado,Não informado,Não informado,Não informado,Urbano,Não informado,Não informado,Não informado,Disco Mecânico,Bicicleta Feminina Aro 29 KOG 21V Cambio Shimano Freio Disco
331,29,Azul Pantone e Preto,KSW,19,Não informado,MTB,Alumínio,Não informado,29,21,mecânico,Não informado,Não informado,Não informado,Não informado,Passeio,Não informado,Não informado,Não informado,disco,Bicicleta Aro 29 Ksw Alumínio 21 Vel Câmbios Shimano Azul Pantone e Preto Tamanho 19
332,29,PretaLaranja,Houston,19,Não informado,Não informado,Não informado,Skyler,Não informado,Não informado,Não informado,Não informado,Não informado,Não informado,Não informado,Não informado,Não informado,Não informado,Não informado,Não informado,Bicicleta Houston Skyler 29 Tamanho 19 Preta/Laranja
333,26,Não informado,Nathor,Não informado,Feminino,Urbana,Não informado,Anthon,Não informado,Não informado,Não informado,Cobre-corrente,Não informado,Não informado,Não informado,Não informado,Não informado,Não informado,Não informado,Não informado,Bicicleta Adulto Aro 26 Anthon Nathor
334,29,Preto Rosa e Azul,GT,Não informado,Não informado,MTB,Alumínio 6061,Sprint Volcon,Não informado,27,Suspensão dianteira,"Freios a disco mecânico, pedivela em alumínio",Não informado,Não informado,Não informado,Não informado,Não informado,Não informado,Não informado,Hidráulico,Bicicleta Aro 29 GT Sprint Volcon 27v  Preto Rosa e Azul
335,29,Não informado,Caloi,17,Não informado,Explorer,Alumínio,Comp,29x23C,2x9,Suspensão,Boost,Não informado,Não informado,Não informado,MTB,Não informado,Não informado,Não informado,Hidráulico,Bicicleta Caloi Explorer Comp Aro 29 Quadro Tamanho 17
336,20,Não informado,Forss,Não informado,Não informado,Passeio,Aço,Cross,Não informado,Não informado,Não informado,Não informado,Não informado,Não informado,Não informado,Freestyle,Não informado,Não informado,Não informado,Não informado,Bicicleta Infantil Freestyle Aro 20
337,26,Não informado,Colli,Não informado,Masculino,Não informado,Aço Carbono,CB 500,Não informado,21,Não informado,"Suporte de guidão em alumínio, pedal de nylon com refletor, cubo dianteiro e traseiro acoplados de ferro, corrente fina, freio V-brake, pneus totalmente resistentes",Não informado,Não informado,Não informado,Não informado,Não informado,Acima de 60 quilos,Não informado,V-brake,Bicicleta Colli Bike Adulto CB 500 Aro 26
338,20,Não informado,Polimet,Não informado,Não informado,Mountain Bike,Não informado,7121,Não informado,1,Não informado,"Freio V-Brake, guidão Downhill, pedal MTB plástico com refletor",Não informado,Não informado,Não informado,Não informado,Não informado,Não informado,Não informado,V-Brake,Bicicleta Aro 20 Mountain Bike Polimet 7121
339,29,Não informado,Kls,Não informado,Feminina,Urbano,Alumínio,Mountain Bike,Não informado,21,Com Suspensão,Não informado,Não informado,Não informado,Não informado,Não informado,Não informado,100Kg,Não informado,A Disco,Bicicleta Aro 29 Alumínio Kls King Freio A Disco Mtb 21 Marchas Feminina
340,29,Não informado,GTSPROM5,Não informado,Unissex,Não informado,Não informado,Urban,29,27,Não informado,Não informado,Não informado,Não informado,Não informado,Não informado,Não informado,Não informado,Não informado,Hidráulico,Bicicleta aro 29 gtsprom5 urban câmbio shimano freio hidráulico 27 marchas
341,29,Não informado,Audax,15,Não informado,MTB,6061 T6,TX,Não informado,24,Não informado,cabeamento interno,Não informado,Não informado,Não informado,Não informado,Não informado,Não informado,Não informado,hidráulicos,Bicicleta Aro 29 Audax TX 24 velocidade shimano freios hidráulicos
342,29,Não informado,Spaceline,Não informado,Não informado,Mountain Bike,Alumínio,Vega,29,27,Suspensão,Não informado,Não informado,Não informado,Não informado,MTB,Não informado,Não informado,Não informado,Hidráulico,Bicicleta Aro 29 Spaceline Vega 27 Velocidades Freios Hidraulicos com Suspensão
343,29,Cinza,Gta,Não informado,Não informado,Não informado,Alumínio,Start,29,27,Garfo com Suspensão,Não informado,Não informado,Não informado,Não informado,Não informado,Não informado,Não informado,Não informado,Disco Mecânico,Bicicleta Aro 29 Gta Start Alumínio 27v K7 Freio a Disco Mecânico Garfo com Suspensão - Cinza
344,26,Não informado,Viking,135,Não informado,FreeRide,Alumínio,TuffX25,26,21,80mm,Não informado,Não informado,Não informado,Não informado,Não informado,Não informado,Não informado,Não informado,Disco,Bicicleta Aro 26 Viking TuffX25 Freeride Freio a Disco 21V
345,29,Preto,Colli,19,Não informado,MTB,Aço Carbono,Sparta,Aero,21,Não informado,"Freios a Disco Dianteiro e Traseiro, Trocador Na Luva, Suporte de Guidão Down Hill",Não informado,Não informado,Não informado,Não informado,Não informado,100 Kg,"Quadro Completo A29, Maçaneta De Freio Alumínio, Garfo em Aço Carbono Aro 29, Guidão em aço carbon, Pedivela Braço C Engrenage, Aro 29 Aero 36F, Roda Livre 7v 1428d, Pedal Rosca Grossa 916 Preto c Refletor, Selim Premium, Cambio Dianteiro Traseiro, Pneu 29X210, Movimento Direção 222 mm, Movimento Central 347mm, Corrente Fina Tec 12x332, Cubo DiantTras em Aço 36 Furos, Alavanca Alav Hand Shift Troc Na Luva 21 m, Kit de Acessórios Kit Selim Canote Pedais Manual do Proprietario, Acessórios da Embalagem Quadro e garfo com roda traseira roda dianteira e guidão, Empilhamento máximo 4 Unidades, Idade Recomendada A Partir de 14 anos",Disco,Bicicleta Colli Sparta MTB Aro 29 21 Marchas Freio à Disco 415.05M
346,26,Não informado,Colli,Não informado,Masculina,Dupla Suspensão,aço carbono,Não informado,26,21,Dupla,movimento de direção modelo inglês 222 pedivela braço engrenagem 347 manopla Adventure selim selleroyal preto e pneus levorim,Não informado,Não informado,Renault,Não informado,Não informado,Não informado,corrente fina e roda livre 7 velocidade,Não informado,Bicicleta Colli Bike Renault Aro 26
347,29,Não informado,Absolute,Não informado,Não informado,Não informado,Alumínio,24V Shimano Acera F Hidráulico Trava Guidão,29,24,Com Trava no Guidão,Trava Guidão,Não informado,Não informado,Não informado,Não informado,Não informado,Não informado,Não informado,Disco Hidráulico,Bike 29 Absolute 24V Shimano Acera F Hidráulico Trava Guidão
348,29,Não informado,Cannondale,Não informado,Não informado,Hardtail,Carbono,Scalpel Ht Carbon 3 12v,Não informado,12,Suspensão,Não informado,Não informado,Não informado,Não informado,XC,Não informado,Não informado,Não informado,Hidraulico,Bicicleta Cannondale Scalpel Ht Carbon 3 12v Aro 29 A22
349,29,PretoLaranja,Ksw,Não informado,Não informado,Não informado,Alumínio,Xlt,Não informado,27,Garfo com Suspensão,Não informado,Não informado,Não informado,Não informado,Não informado,Não informado,Não informado,Não informado,Disco Mecânico,Bicicleta Aro 29 Ksw Xlt Alumínio 27v Freio a Disco Mecânico Garfo com Suspensão - Preto/Laranja
350,29,Não informado,KOG,Não informado,Feminina,Mountain Bike,Alumínio,Não informado,29,24,80mm de Cursor,Não informado,Não informado,Não informado,Não informado,Urbano,Não informado,Não informado,Não informado,Disco Hidráulico,Bicicleta 29 Feminina KOG 24V Shimano Freio disco Hidráulico
351,29,Não informado,Alfameq,Não informado,Não informado,Não informado,Alumínio,Tirreno,29,24,80mm de Cursor,Não informado,Não informado,Não informado,Não informado,Não informado,Não informado,Não informado,Não informado,Hidráulico,Bicicleta Aluminio Aro 29 Alfameq 24 Marcha Freio Hidráulico
352,29,BrancoPreto,Banana Bit,17,Não informado,Mountain Bike,Aço Carbono,Dropp Sport,29,21,Garfo Rígido,Não informado,Não informado,Não informado,Não informado,Não informado,Não informado,Não informado,Não informado,Disco,"Bicicleta 21V Dropp Sport Aço Garfo Rigido Tamanho 17"" Branco/Preto - Banana Bit"
353,29,Não informado,KOG,Não informado,Não informado,Mountain Bike,Alumínio,KSW GTA,29,21,80mm de Cursor,Não informado,Não informado,Não informado,Não informado,Urbana,Não informado,Não informado,Não informado,Disco Mecânico,Bike Aro 29 Kog 21v Absolute KSW GTA Shimano Freio Disco
354,29,Não informado,Não informado,Não informado,Não informado,Não informado,Alumínio,Cripto,Não informado,27,Cursor de 100mm com Trava,Trava k7,Não informado,Não informado,Não informado,Não informado,Não informado,Não informado,Não informado,Hidraulico,Bicicleta Aro 29 Cripto 27v Alivio Freio Hidraulico Trava k7
355,29,Não informado,GTS,Não informado,Não informado,Não informado,alumínio,M1 Ride,29,24,Não informado,Não informado,Não informado,Não informado,Não informado,Não informado,Não informado,100kg,Não informado,disco mecânico,Bicicleta GTS Aro 29 Freio a Disco Câmbio Traseiro Shimano 24 Marchas e Amortecedor GTS M1 Ride
356,29,Não informado,Ksw,Não informado,Não informado,MTB,Alumínio,Xlt,Não informado,21,Ahead Set 100mm de Curso Alumínio,Não informado,Não informado,Não informado,Não informado,Não informado,Não informado,Não informado,Não informado,Disco mecânico,Bicicleta Aro 29 Ksw Xlt 21v Cambios Shimano
357,26,Bicolor,Ultra Bikes,18,Feminina,Não informado,aço carbono,Bicolor,Não informado,18,rígido,Não informado,Não informado,Não informado,Não informado,Não informado,Não informado,95 kg,Não informado,V-Brake,Bicicleta Feminina Aro 26 Ultra Bikes Bicolor Freio V-Brake
358,29,Não informado,Ksw,Não informado,Não informado,Não informado,Alumínio,Não informado,Não informado,24,Cursor,Trava,Não informado,Não informado,Não informado,Urbano e Trilhas Leves,Não informado,Não informado,Não informado,Hidráulico,Bicicleta Aro 29 Ksw 24 Vel Shimano Freio Hidraulico/Trava
359,29,Não informado,KOG,Não informado,Não informado,Mountain Bike,Alumínio,Não informado,29,24,80mm,Freio Hidráulico,Não informado,Não informado,Não informado,Urbana,Não informado,Não informado,Não informado,Disco Hidráulico,Bicicleta Aro 29 KOG 24V Cambio Shimano Freio Hidráulico
360,29,Não informado,KRW,155,Não informado,Não informado,Alumínio,Traction SX55,29,27,Com Trava,Freio a Disco Hidráulico,Não informado,Não informado,Não informado,Não informado,Não informado,Não informado,Não informado,Disco Hidráulico,Bicicleta Aro 29 KRW Traction Alumínio 27 Vel Freio a Disco Hidráulico com Trava SX55
361,20,Não informado,KOG,Não informado,Feminino,Infantil,Aço Carbono,Não informado,Alumínio,Sem marcha,Rígido,Cestinha,Não informado,Não informado,Não informado,Passeio e Lazer,Não informado,70 KG,Não informado,V-Brake,Bicicleta Infantil Feminina Aro 20 KOG com Cestinha
362,20,Não informado,FlexBikes,Não informado,Feminino,Infantil,Aço,Aero,Aero,Não informado,Não informado,"Rodinhas laterais, descanso lateral pézinho, banco selim confortável, protetor de coroa, freios v-brake",Não informado,Não informado,Não informado,Passeio,Não informado,38 kg,Kit Passeio,V-brake,Bicicleta Infantil Feminina Aro 20 Aero + Kit Passeio
363,29,Preto Azul e Prata,Ksw,17,Não informado,MTB,Alumínio,Não informado,29,21,Mecânico,Não informado,Não informado,Não informado,Não informado,Passeio,Não informado,Não informado,Não informado,A Disco,"Bicicleta Aro 29 Ksw Alumínio 21 Vel Freio A Disco Preto, Azul e Prata Tamanho 17"
364,29,Não informado,Ravok,Não informado,Não informado,MTB,Alumínio 6061,Não informado,29,24,Dianteira,Não informado,Não informado,Não informado,Não informado,Passeio,Não informado,Não informado,Não informado,Disco Mecânico,Bicicleta 24 Velocidades ARO 29 Alumínio Freio A Disco
365,29,Não informado,KSW,Não informado,Não informado,MTB,Alumínio,KRWX2,29,21,mecânica,Não informado,Não informado,Não informado,Não informado,Não informado,Não informado,Não informado,Não informado,a disco,Bicicleta Aro 29 KSW Alumínio 21 Velocidades Freio a Disco KRWX2
366,29,Não informado,Dropp,17,Não informado,Mountain Bike,Alumínio,Z3-20,Não informado,27v,Suspensão Aro 29 Preto com trava no ombro,Não informado,Não informado,Não informado,Não informado,Mountain Bike,Não informado,130 Kg,Não informado,Freio a disco 160MM hidráulico importado,Bicicleta Quadro 17 Aro 29 Alumínio 27v Freio Disco Hidráulico Z3-20 - Dropp
367,16,Não informado,Kls,16,Infantil,Não informado,Aço Carbono,Aro 16,Alumínio,Não informado,Não informado,"Roda Lateral, Kit De Acessórios Color",Não informado,Não informado,Heroes,Não informado,Não informado,48Kg,Não informado,V-Brake,Bicicleta Infantil Aro 16 Kls Heroes Roda Alumínio
368,26,Verde X35,Vikingx,Não informado,Não informado,Não informado,Alumínio,Tuff 21v,Vmaxx,21,Não informado,"Câmbios Shimano, Freio a Disco, Aros Vmaxx Pretos",Não informado,Não informado,Não informado,Não informado,Não informado,Não informado,"CABEAMENTO INTERNO, nova na caixa, a pronta entrega, produto com ótima qualidade e acabamento, possui 21 marchas com sistema de alavancas rapid fire que a cada clique uma marcha é trocada, sistema de freio a disco mecânico, pneus slick 15, Bicicleta pré montada, vai precisar apenas fixar a roda dianteira, guidão, selim e pedais",Disco,Bicicleta Aro 26 Vikingx Tuff 21v Alumínio Câmbios Shimano Freio a Disco Aros Vmaxx Pretos -  Verde X35
369,29,LaranjaRoxo,Drais,17,Não informado,Não informado,alumínio,Chillout,Não informado,18,com trava ombro 100mm,Não informado,Não informado,Não informado,Não informado,Não informado,Não informado,Não informado,Não informado,a disco hidráulicos,"Bicicleta 18V Drais Aro 29 Chillout Shimano Altus 17"" Laranja/Roxo - 325"
370,29,Rosa,Spaceline,19,Não informado,MTB,Alumínio,Vega,Não informado,27,Suspensão de 80mm,Não informado,Não informado,Não informado,Não informado,Não informado,Não informado,130 Kg,Não informado,Hidráulico,Bicicleta MTB Vega Quadro 19 Aro 29 Alumínio 27 Marchas Freio Hidráulico Rosa - Spaceline
371,20,Verde,Two Dogs,Não informado,Não informado,Dobravel,Aço Carbono,Pliage,20,7,Não informado,Dobrável,Não informado,Não informado,Não informado,Não informado,Não informado,90 kg,Não informado,Disco,Bicicleta Dobravel Verde Two Dogs Pliage Freio a Disco 7 Velocidades
372,29,Não informado,KSW,Não informado,Não informado,Não informado,Alumínio,XLT,29,24,80mm,Não informado,Não informado,Não informado,Não informado,Não informado,Não informado,Não informado,Não informado,Hidráulico,Bicicleta Aro 29 KSW XLT 24V Cambio Shimano Freio Hidráulico
373,29,Não informado,KSW,15 17 19 e 21,Não informado,Não informado,ALUMÍNIO 6061,xlt,29,21v,Não informado,Não informado,Não informado,Não informado,Não informado,Não informado,Não informado,Não informado,Não informado,a Disco,Bicicleta Aro 29 Ksw xlt  Aluminio Câmbios Shimano 21v Freio a Disco 32r
374,29,PretoPrata,Ksw,Não informado,Não informado,Não informado,Alumínio,Xlt,Não informado,24,com Trava,Não informado,Não informado,Não informado,Não informado,Não informado,Não informado,Não informado,Não informado,Hidráulico,Bicicleta Aro 29 Ksw Xlt 24v K7 Câmbios Shimano Freio Hidráulico Garfo com Trava Pneu Faixa Bege - Preto/Prata
375,29,Não informado,South,Não informado,Não informado,MTB,Alumínio,Legend A-29,29,21,Dianteira,Não informado,Não informado,Não informado,Não informado,Não informado,Não informado,120 Kg,Não informado,Disco Mecânico,Bicicleta south legend a-29 câmbio shimano
376,29,PretoVermelhoAmarelo,Ksw,Não informado,Não informado,Não informado,alumínio,Xlt,Não informado,24,com Suspensão,"Câmbios Shimano, Freios Hidráulicos, Garfo com Suspensão, Pneu Faixa Bege",Não informado,Não informado,Não informado,Não informado,Não informado,Não informado,Não informado,a disco Hidráulicoóleo,Bicicleta aro 29 Ksw Xlt 24v Câmbios Shimano Freios Hidráulicos Garfo com Suspensão Pneu Faixa Bege - Preto/Vermelho/Amarelo
377,29,Não informado,KSW,155  17 E 19 E 21',Não informado,MTB,ALUMÍNIO 6061,XLT,29,8v,80MM,Engate Rápido IMPORTADO,Não informado,Não informado,Não informado,Não informado,Não informado,Não informado,Não informado,Disco,Bicicleta KSW 24V Aro 29 XLT Câmbios Shimano Freio a Disco MTB Aluminio
378,29,Não informado,Alfameq,Não informado,Não informado,MTB,Alumínio,ATX 27V,29,27,100mm de Curso com Trava no Ombro,K7 E TRAVA,Não informado,Não informado,Não informado,Não informado,Não informado,Não informado,Hidráulico,Disco Hidráulico,Bicicleta Aro 29 Alfameq ATX 27V Freio Hidráulico K7 Trava
379,29,Não informado,Spaceline,Não informado,Não informado,Mountain Bike,Alumínio,Vega,29,27,100mm sistema a molas,Não informado,Não informado,Não informado,Não informado,MTB,Não informado,Não informado,Não informado,Disco Hidráulico,Bicicleta Aro 29 Spaceline Vega 27 Velocidades Freios Hidraulicos com Suspensão
380,16,Não informado,Nathor,Não informado,Não informado,Infantil,Aço carbono,Show da Luna,16,Não informado,Não informado,"Limitador de giro do guidão, Freios V-Brake, Maçaneta em Nylon, Pneus com câmara, Quadro em aço carbono, Garrafinha",Não informado,Não informado,Show da Luna,Não informado,Não informado,30 kg,"Mesa Head-Set, Paralama em ABS, Aro em ABS, Maçaneta em nylon reforçado e com ajuste do freio, Movimento de direção com esferas, Arruela com trava de segurança, Abraçadeira do selim em alumínio, Garrafinha",V-brake,Bicicleta Bike Infantil Aro 16 Show Da Luna Nathor
381,29,Não informado,Alfameq,Não informado,Não informado,MTB,Alumínio,Não informado,29,24,80mm,Não informado,Não informado,Não informado,Não informado,Não informado,Não informado,Não informado,Não informado,Disco Mecânico,Bicicleta MTB Aro 29 Alfameq 24V Freio a Disco Cubo Cassete
